sl.no,State_Name,District_Name,Taluk,Village,Lattitude,Longitude
1,ARUNACHAL PRADESH,Anjaw,Anjaw,Anjaw,27.7576642,96.6237322
315,ARUNACHAL PRADESH,Changlang,Changlang,Leelong (Hydel Tinali ),27.1277575,95.7316276
316,ARUNACHAL PRADESH,Changlang,Changlang,Industrial Estate,27.1303482,95.7550159
317,ARUNACHAL PRADESH,Changlang,Bordumsa,Bijoypur-I Bl.I -III,27.1305856,95.7342373
644,ARUNACHAL PRADESH,Changlang,Khimiyong,New Longkey (New),27.13357,95.7626949
650,ARUNACHAL PRADESH,Changlang,Changlang,Ranglum,27.1390985,95.7521349
651,ARUNACHAL PRADESH,Changlang,Changlang,Old Changlang,27.1460421,95.7481671
664,ARUNACHAL PRADESH,Changlang,Changlang,Jungmaisung - II,27.1922771,95.8466824
666,ARUNACHAL PRADESH,Changlang,Changlang,Khuchep,27.1953594,95.8501254
667,ARUNACHAL PRADESH,Changlang,Manmao,Jonglimpathar,27.2039721,95.8786685
668,ARUNACHAL PRADESH,Changlang,Manmao,Walongtoi,27.2357496,95.9137216
669,ARUNACHAL PRADESH,Changlang,Manmao,Manmao,27.2517354,95.9274592
672,ARUNACHAL PRADESH,Changlang,Jairampur,Jairampur,27.2568757,95.9359378
673,ARUNACHAL PRADESH,Changlang,Khimiyong,Lungsang,27.2581489,95.9382284
675,ARUNACHAL PRADESH,Changlang,Namtok,Namdang(Namdang-I),27.272919,95.7023616
676,ARUNACHAL PRADESH,Changlang,Changlang,Kuchep - II ,27.2882354,95.9796149
678,ARUNACHAL PRADESH,Changlang,Manmao,New Kamlao,27.2925078,95.9849645
679,ARUNACHAL PRADESH,Changlang,Manmao,Old Kamlao,27.2933044,95.9842734
682,ARUNACHAL PRADESH,Changlang,Nampong,Nampong,27.2938168,96.1221231
684,ARUNACHAL PRADESH,Changlang,Jairampur,Chamro,27.30814,96.046329
685,ARUNACHAL PRADESH,Changlang,Jairampur,Longvi,27.3181098,96.0537261
688,ARUNACHAL PRADESH,Changlang,Miao,Khachang,27.3549735,96.0226965
689,ARUNACHAL PRADESH,Changlang,Changlang,Changlang,27.7576642,96.6237322
693,ARUNACHAL PRADESH,Dibang Valley,Etalin,Aranli,28.411232,95.941864
694,ARUNACHAL PRADESH,Dibang Valley,Kronli (Arzoo circle),Aliney,28.414621,95.865364
695,ARUNACHAL PRADESH,Dibang Valley,Kronli (Arzoo circle),Kano,28.42861,95.880089
696,ARUNACHAL PRADESH,Dibang Valley,Kronli (Arzoo circle),Akaya,28.440899,95.862907
697,ARUNACHAL PRADESH,Dibang Valley,Kronli (Arzoo circle),New Anaya,28.455206,95.849396
698,ARUNACHAL PRADESH,Dibang Valley,Kronli (Arzoo circle),Awali,28.456212,95.876354
699,ARUNACHAL PRADESH,Dibang Valley,Kronli (Arzoo circle),173 K.M. Point,28.462597,95.846252
700,ARUNACHAL PRADESH,Dibang Valley,Kronli (Arzoo circle),132 K.M. Point,28.470301,95.844063
701,ARUNACHAL PRADESH,Dibang Valley,Kronli (Arzoo circle),Ranli,28.48072,95.846748
702,ARUNACHAL PRADESH,Dibang Valley,Kronli (Arzoo circle),Esuli,28.48761,95.826156
703,ARUNACHAL PRADESH,Dibang Valley,Kronli (Arzoo circle),Embolin,28.515452,95.837359
704,ARUNACHAL PRADESH,Dibang Valley,Kronli (Arzoo circle),Karo,28.525511,95.851341
705,ARUNACHAL PRADESH,Dibang Valley,Kronli (Arzoo circle),Endolin,28.526002,95.838744
706,ARUNACHAL PRADESH,Dibang Valley,Kronli (Arzoo circle),Asili,28.526808,95.864365
707,ARUNACHAL PRADESH,Dibang Valley,Kronli (Arzoo circle),Ichigo,28.533705,95.873001
708,ARUNACHAL PRADESH,Dibang Valley,Etalin,Angolin,28.56806,95.8178329
709,ARUNACHAL PRADESH,Dibang Valley,Etalin,Aprunli,28.589621,95.817001
710,ARUNACHAL PRADESH,Dibang Valley,Etalin,Eranli,28.602159,95.785461
711,ARUNACHAL PRADESH,Dibang Valley,Etalin,Etalin Bridge Point,28.60612,95.859192
712,ARUNACHAL PRADESH,Dibang Valley,Etalin,Etalin,28.6078549,95.8719883
714,ARUNACHAL PRADESH,Dibang Valley,Etalin,Amuchi,28.619595,95.898903
715,ARUNACHAL PRADESH,Dibang Valley,Etalin,Aruli,28.623445,95.888252
716,ARUNACHAL PRADESH,Dibang Valley,Etalin,New Echanli,28.626747,95.872894
717,ARUNACHAL PRADESH,Dibang Valley,Etalin,Apunli,28.627367,95.837853
718,ARUNACHAL PRADESH,Dibang Valley,Etalin,New Arope(Hipui),28.6356038,95.8604439
719,ARUNACHAL PRADESH,Dibang Valley,Etalin,New Etalin,28.636355,95.866894
720,ARUNACHAL PRADESH,Dibang Valley,Anini ,Punli,28.638725,95.934494
722,ARUNACHAL PRADESH,Dibang Valley,Etalin,Aruko,28.64052,95.972916
723,ARUNACHAL PRADESH,Dibang Valley,Etalin,Anose,28.640793,95.988174
724,ARUNACHAL PRADESH,Dibang Valley,Etalin,Chipuli,28.64468,95.967819
725,ARUNACHAL PRADESH,Dibang Valley,Etalin,New Arope,28.6447088,95.9185182
726,ARUNACHAL PRADESH,Dibang Valley,Etalin,Aunli,28.649769,95.96421
727,ARUNACHAL PRADESH,Dibang Valley,Etalin,Athunli,28.664082,95.9872819
728,ARUNACHAL PRADESH,Dibang Valley,Anini ,Granli,28.673786,95.813599
729,ARUNACHAL PRADESH,Dibang Valley,Etalin,Maliney,28.6756598,96.1533613
730,ARUNACHAL PRADESH,Dibang Valley,Etalin,Sunil,28.676111,96.042702
731,ARUNACHAL PRADESH,Dibang Valley,Anini ,Emiya,28.678788,95.83136
732,ARUNACHAL PRADESH,Dibang Valley,Etalin,Edilin,28.680962,95.970795
733,ARUNACHAL PRADESH,Dibang Valley,Etalin,Mawali,28.6813,96.024489
734,ARUNACHAL PRADESH,Dibang Valley,Anini ,Akunli,28.683729,96.04041
736,ARUNACHAL PRADESH,Dibang Valley,Anini ,Cheya,28.685801,95.799454
737,ARUNACHAL PRADESH,Dibang Valley,Etalin,Apanli,28.688404,96.067154
738,ARUNACHAL PRADESH,Dibang Valley,Anini ,Akobe,28.700121,95.822968
739,ARUNACHAL PRADESH,Dibang Valley,Anini ,Ayeso,28.724035,95.858017
740,ARUNACHAL PRADESH,Dibang Valley,Anini ,Yuron,28.729902,95.8430939
741,ARUNACHAL PRADESH,Dibang Valley,Anini ,Aguli,28.765791,95.837921
742,ARUNACHAL PRADESH,Dibang Valley,Anini ,Immuli,28.787035,95.824913
743,ARUNACHAL PRADESH,Dibang Valley,Anini ,Matoli,28.788517,95.839249
744,ARUNACHAL PRADESH,Dibang Valley,Anini ,Baro,28.7940818,95.8991737
745,ARUNACHAL PRADESH,Dibang Valley,Anini ,Kadeli,28.795261,95.866959
746,ARUNACHAL PRADESH,Dibang Valley,Anini ,Amuli,28.7961473,95.8846226
748,ARUNACHAL PRADESH,Dibang Valley,Anini ,Anini ,28.7979562,95.9013541
750,ARUNACHAL PRADESH,Dibang Valley,Anini ,Larango,28.806797,95.900459
751,ARUNACHAL PRADESH,Dibang Valley,Anini ,Angulin,28.811747,95.852776
783,ARUNACHAL PRADESH,Dibang Valley,Dibang Valley,Dibang Valley,28.8128767,96.1526985
815,ARUNACHAL PRADESH,Dibang Valley,Anini ,Etabe,28.818026,95.911018
816,ARUNACHAL PRADESH,Dibang Valley,Anini ,Makuni,28.818047,95.862083
817,ARUNACHAL PRADESH,Dibang Valley,Anini ,Ahunli,28.830784,95.91571
818,ARUNACHAL PRADESH,Dibang Valley,Anelih,Anelih H.Q.,28.832029,95.889641
819,ARUNACHAL PRADESH,Dibang Valley,Anini ,Alinye,28.832523,95.944405
820,ARUNACHAL PRADESH,Dibang Valley,Anini ,Rilley,28.845331,95.960574
821,ARUNACHAL PRADESH,Dibang Valley,Anini ,Mihundo,28.847824,95.908203
822,ARUNACHAL PRADESH,Dibang Valley,Anini ,Atalin,28.84864,95.931076
823,ARUNACHAL PRADESH,Dibang Valley,Anini ,Aropo,28.854588,95.920639
824,ARUNACHAL PRADESH,Dibang Valley,Anini ,Achali,28.855797,95.942612
825,ARUNACHAL PRADESH,Dibang Valley,Anini ,Maro,28.86027,95.856209
826,ARUNACHAL PRADESH,Dibang Valley,Anini ,Gipulin,28.87348,95.933632
827,ARUNACHAL PRADESH,Dibang Valley,Mipi,Maronli,28.89514,95.81356
828,ARUNACHAL PRADESH,Dibang Valley,Mipi,Alombro,28.905399,95.7656329
829,ARUNACHAL PRADESH,Dibang Valley,Anini ,Angrim Valley,28.907759,95.9494859
831,ARUNACHAL PRADESH,Dibang Valley,Mipi,Emuli,28.92177,95.816055
832,ARUNACHAL PRADESH,Dibang Valley,Anini ,Acheso,28.9246008,95.9746658
833,ARUNACHAL PRADESH,Dibang Valley,Mipi,Mipi,28.9494806,95.8141444
834,ARUNACHAL PRADESH,Dibang Valley,Mipi,Brango,28.952282,95.773353
835,ARUNACHAL PRADESH,Dibang Valley,Mipi,Mipido,28.967396,95.764397
836,ARUNACHAL PRADESH,Dibang Valley,Mipi,Mipi H.Q.,28.985626,95.760101
838,ARUNACHAL PRADESH,Dibang Valley,Mipi,Engolin,28.988585,95.776916
839,ARUNACHAL PRADESH,Dibang Valley,Mipi,Abali,28.997067,95.7636799
840,ARUNACHAL PRADESH,Dibang Valley,Mipi,Beyanli,29.005173,95.772293
841,ARUNACHAL PRADESH,East Kameng,Seijosa ,Monai,26.925092,93.031653
842,ARUNACHAL PRADESH,East Kameng,Seijosa ,Dirring,26.927517,93.084598
843,ARUNACHAL PRADESH,East Kameng,Seijosa ,Lower Seijosa,26.929318,93.0076519
844,ARUNACHAL PRADESH,East Kameng,Seijosa ,Giladhari,26.929756,93.053835
845,ARUNACHAL PRADESH,East Kameng,Seijosa ,Niti Darlong,26.93045,93.011887
846,ARUNACHAL PRADESH,East Kameng,Dissing-Passo ,Namorah ,26.934515,93.125183
847,ARUNACHAL PRADESH,East Kameng,Seijosa ,Darlong,26.936234,93.008087
848,ARUNACHAL PRADESH,East Kameng,Seijosa ,West Dekorai,26.938456,92.990235
849,ARUNACHAL PRADESH,East Kameng,Dissing-Passo ,Baliso,26.939661,93.155388
850,ARUNACHAL PRADESH,East Kameng,Seijosa ,Upper Seijosa,26.946018,93.0194549
851,ARUNACHAL PRADESH,East Kameng,Dissing-Passo ,Pathe ,26.95137,92.9872819
852,ARUNACHAL PRADESH,East Kameng,Dissing-Passo ,Dikalmukh,26.951468,93.213882
853,ARUNACHAL PRADESH,East Kameng,Dissing-Passo ,Lasum Pathe ,26.952784,93.0026929
854,ARUNACHAL PRADESH,East Kameng,Seijosa ,Bali Basti,26.957443,93.021797
855,ARUNACHAL PRADESH,East Kameng,Seijosa ,Seijosa ,26.9585084,93.0109613
856,ARUNACHAL PRADESH,East Kameng,Dissing-Passo ,Dipik,26.962387,93.3349379
857,ARUNACHAL PRADESH,East Kameng,Seijosa ,A - 2  Block ,26.964638,93.027725
858,ARUNACHAL PRADESH,East Kameng,Seijosa ,A - 3  Block ,26.968451,93.0337909
859,ARUNACHAL PRADESH,East Kameng,Seijosa ,Khari,26.970581,92.927429
860,ARUNACHAL PRADESH,East Kameng,Seijosa ,Rodoso,26.973029,93.379037
861,ARUNACHAL PRADESH,East Kameng,Seijosa ,Mobuso -1,26.975079,93.057968
862,ARUNACHAL PRADESH,East Kameng,Seijosa ,Mobuso - II,26.983709,93.026276
863,ARUNACHAL PRADESH,East Kameng,Seijosa ,Morgaso,26.995411,93.023315
864,ARUNACHAL PRADESH,East Kameng,Dissing-Passo ,Dissing-Passo ,27.005098,93.01384
866,ARUNACHAL PRADESH,East Kameng,Seijosa ,Taro Boso,27.015551,93.0152279
867,ARUNACHAL PRADESH,East Kameng,Seijosa ,Dibru,27.017794,93.038768
868,ARUNACHAL PRADESH,East Kameng,Dissing-Passo ,Tayarso ,27.025553,93.308311
869,ARUNACHAL PRADESH,East Kameng,Seijosa ,Jolly,27.026073,93.041847
870,ARUNACHAL PRADESH,East Kameng,Seijosa ,Lanka     ,27.062412,93.037529
871,ARUNACHAL PRADESH,East Kameng,Pakke-Kessang ,Palov,27.131475,93.1582789
872,ARUNACHAL PRADESH,East Kameng,Pakke-Kessang ,Along Topte,27.142555,93.200828
873,ARUNACHAL PRADESH,East Kameng,Pakke-Kessang ,Munglong,27.144072,93.219223
874,ARUNACHAL PRADESH,East Kameng,Pakke-Kessang ,Keko,27.146591,93.209877
875,ARUNACHAL PRADESH,East Kameng,Pizirang(Veo),Sede,27.151547,93.284729
876,ARUNACHAL PRADESH,East Kameng,Pakke-Kessang ,Sede Pakke Keshang,27.151838,93.271055
877,ARUNACHAL PRADESH,East Kameng,Pakke-Kessang ,Taoso,27.154348,93.257988
878,ARUNACHAL PRADESH,East Kameng,Pizirang(Veo),Hote Veo,27.158236,93.299454
879,ARUNACHAL PRADESH,East Kameng,Pakke-Kessang ,Zeraso,27.158833,93.269791
880,ARUNACHAL PRADESH,East Kameng,Pakke-Kessang ,Lodoso,27.161333,93.135031
881,ARUNACHAL PRADESH,East Kameng,Pakke-Kessang ,Khodaso,27.166647,93.307564
882,ARUNACHAL PRADESH,East Kameng,Pakke-Kessang ,Longpong,27.169928,93.2931289
883,ARUNACHAL PRADESH,East Kameng,Pakke-Kessang ,Seramso,27.171014,93.155121
884,ARUNACHAL PRADESH,East Kameng,Pakke-Kessang ,Rilloh,27.189976,93.162529
885,ARUNACHAL PRADESH,East Kameng,Khenewa ,Langri I.A.Y.Village,27.194353,93.128891
886,ARUNACHAL PRADESH,East Kameng,Pakke-Kessang ,Doik,27.201403,93.15239
887,ARUNACHAL PRADESH,East Kameng,Pizirang(Veo),Yarte Pobe,27.201527,93.096725
888,ARUNACHAL PRADESH,East Kameng,Pakke-Kessang ,Chumgong,27.204687,93.112579
890,ARUNACHAL PRADESH,East Kameng,Pakke-Kessang ,Gumte,27.205189,93.171516
891,ARUNACHAL PRADESH,East Kameng,Pakke-Kessang ,Diderso,27.206873,93.109711
892,ARUNACHAL PRADESH,East Kameng,Richukrong,Wote,27.207291,92.901588
893,ARUNACHAL PRADESH,East Kameng,Richukrong,Lelung,27.209969,92.920181
895,ARUNACHAL PRADESH,East Kameng,Pizirang(Veo),Seba,27.21137,93.041511
896,ARUNACHAL PRADESH,East Kameng,Pizirang(Veo),Mado,27.212652,93.103523
897,ARUNACHAL PRADESH,East Kameng,Pizirang(Veo),Pakro,27.218998,93.081314
898,ARUNACHAL PRADESH,East Kameng,Pakke-Kessang ,Jollang,27.221874,93.104881
899,ARUNACHAL PRADESH,East Kameng,Pizirang(Veo),Ningcho,27.228556,93.040421
900,ARUNACHAL PRADESH,East Kameng,Seppa ,Champing,27.231997,92.929962
901,ARUNACHAL PRADESH,East Kameng,Pizirang(Veo),Taroyar,27.232952,93.074402
902,ARUNACHAL PRADESH,East Kameng,Richukrong,Bana Camp,27.247658,92.897278
903,ARUNACHAL PRADESH,East Kameng,Seppa ,Neking ,27.24852,92.948074
905,ARUNACHAL PRADESH,East Kameng,Pizirang(Veo),New Nere,27.253359,93.045669
906,ARUNACHAL PRADESH,East Kameng,Richukrong,Yashing ,27.255053,92.888412
907,ARUNACHAL PRADESH,East Kameng,Richukrong,Bana Village ,27.258402,92.920441
908,ARUNACHAL PRADESH,East Kameng,Pizirang(Veo),Pipukoro,27.259716,93.074043
909,ARUNACHAL PRADESH,East Kameng,Seppa ,Watte ,27.261089,92.948189
910,ARUNACHAL PRADESH,East Kameng,Richukrong,Pochung ,27.264038,92.903923
911,ARUNACHAL PRADESH,East Kameng,Pizirang(Veo),Palin,27.267471,93.163918
912,ARUNACHAL PRADESH,East Kameng,Richukrong,Pankar ,27.2729,92.906357
913,ARUNACHAL PRADESH,East Kameng,Pizirang(Veo),Lumdung,27.272913,93.073769
914,ARUNACHAL PRADESH,East Kameng,Pizirang(Veo),Chamte,27.279818,93.152649
915,ARUNACHAL PRADESH,East Kameng,Richukrong,Sapong ,27.283815,92.900886
916,ARUNACHAL PRADESH,East Kameng,Seppa ,Kotto ,27.286179,93.007706
917,ARUNACHAL PRADESH,East Kameng,Pizirang(Veo),Gumtung,27.289015,93.191795
918,ARUNACHAL PRADESH,East Kameng,Seppa ,Narangawa ,27.290911,93.020248
920,ARUNACHAL PRADESH,East Kameng,Richukrong,Kitchang ,27.291641,92.886955
921,ARUNACHAL PRADESH,East Kameng,Richukrong,Kafla ,27.296047,92.955498
922,ARUNACHAL PRADESH,East Kameng,Richukrong,Chijang ,27.29649,92.851326
923,ARUNACHAL PRADESH,East Kameng,Pizirang(Veo),Patiwa,27.2979797,93.0363399
925,ARUNACHAL PRADESH,East Kameng,Pizirang(Veo),Rasi,27.301235,93.19825
926,ARUNACHAL PRADESH,East Kameng,Richukrong,Silla ,27.302275,92.906372
927,ARUNACHAL PRADESH,East Kameng,Seppa ,Nepuwa,27.307062,93.071816
928,ARUNACHAL PRADESH,East Kameng,Seppa ,Pampoli ,27.307707,93.031166
929,ARUNACHAL PRADESH,East Kameng,Richukrong,Pitchang,27.30789,92.834931
930,ARUNACHAL PRADESH,East Kameng,Pizirang(Veo),Patha,27.311363,93.139748
931,ARUNACHAL PRADESH,East Kameng,Seppa ,Tata Tara,27.311794,93.062676
932,ARUNACHAL PRADESH,East Kameng,Seppa ,Fengche,27.314976,92.94062
933,ARUNACHAL PRADESH,East Kameng,Richukrong,New Sapong ,27.315401,92.817642
934,ARUNACHAL PRADESH,East Kameng,Seppa ,Nichoba ,27.315903,93.004074
935,ARUNACHAL PRADESH,East Kameng,Seppa ,Wessang,27.322176,93.039909
936,ARUNACHAL PRADESH,East Kameng,Seppa ,Tarang Yangse ,27.322725,93.022377
937,ARUNACHAL PRADESH,East Kameng,Seppa ,Kakukao,27.32942,93.082832
938,ARUNACHAL PRADESH,East Kameng,Pizirang(Veo),Tengri,27.333721,93.239105
939,ARUNACHAL PRADESH,East Kameng,Seppa ,Rang,27.345528,93.039475
940,ARUNACHAL PRADESH,East Kameng,Seppa ,Seppa ,27.3610123,93.0400945
941,ARUNACHAL PRADESH,East Kameng,Richukrong,Talomsima,27.361939,92.846375
942,ARUNACHAL PRADESH,East Kameng,Seppa ,Sengriwa ,27.362051,93.0513299
943,ARUNACHAL PRADESH,East Kameng,Seppa ,Tallong – II ,27.367806,93.046127
944,ARUNACHAL PRADESH,East Kameng,Seppa ,Tassomlora ,27.369156,93.090141
945,ARUNACHAL PRADESH,East Kameng,Richukrong,Yangsey ,27.370123,93.001343
946,ARUNACHAL PRADESH,East Kameng,Seppa ,Donigaon,27.372488,93.058693
947,ARUNACHAL PRADESH,East Kameng,Seppa ,Tallong – I ,27.374285,93.040314
948,ARUNACHAL PRADESH,East Kameng,Seppa ,Hamba – Pinda ,27.375153,92.9753719
949,ARUNACHAL PRADESH,East Kameng,Seppa ,Loffa,27.378458,93.0186
950,ARUNACHAL PRADESH,East Kameng,Richukrong,Mongrang,27.38241,92.835693
951,ARUNACHAL PRADESH,East Kameng,Gyawe Purang ,Serewa ,27.384491,93.119942
952,ARUNACHAL PRADESH,East Kameng,Richukrong,Richukrong,27.387514,92.828125
954,ARUNACHAL PRADESH,East Kameng,Seppa ,Pakoti ,27.390455,93.024201
955,ARUNACHAL PRADESH,East Kameng,Gyawe Purang ,Nerewa ,27.394947,93.152123
956,ARUNACHAL PRADESH,East Kameng,Richukrong,Chamduk Leyak ,27.396301,92.834503
957,ARUNACHAL PRADESH,East Kameng,Seppa ,Pabua ,27.397125,93.075729
958,ARUNACHAL PRADESH,East Kameng,Gyawe Purang ,Laimoya,27.397703,93.101089
959,ARUNACHAL PRADESH,East Kameng,Seppa ,Kamsa ,27.401497,93.003914
960,ARUNACHAL PRADESH,East Kameng,Seppa ,Mebuwa  -  I,27.410479,93.039306
961,ARUNACHAL PRADESH,East Kameng,Gyawe Purang ,Jejudada ,27.411238,93.096001
962,ARUNACHAL PRADESH,East Kameng,Seppa ,Mebuwa  -  III,27.414408,93.0515209
963,ARUNACHAL PRADESH,East Kameng,Seppa ,Mebuwa  -  II,27.416164,93.040627
964,ARUNACHAL PRADESH,East Kameng,Seppa ,Richa,27.423065,93.0175019
965,ARUNACHAL PRADESH,East Kameng,Bameng ,Babey Camp,27.4231261,93.0175712
1071,ARUNACHAL PRADESH,East Kameng,Seppa ,Mogkhra,27.42713,93.050713
1072,ARUNACHAL PRADESH,East Kameng,Gyawe Purang ,Tagang Warang ,27.43259,93.126923
1073,ARUNACHAL PRADESH,East Kameng,Seppa ,Weshy,27.432951,93.019043
1074,ARUNACHAL PRADESH,East Kameng,Seppa ,Kampu,27.43626,93.012688
1075,ARUNACHAL PRADESH,East Kameng,Pipu-Dipu ,Debiwa Sollung,27.439108,93.065262
1076,ARUNACHAL PRADESH,East Kameng,Seppa ,Nyari Welly Model Village,27.439156,93.002129
1077,ARUNACHAL PRADESH,East Kameng,Lada ,Jarkam,27.43977,92.792854
1078,ARUNACHAL PRADESH,East Kameng,Gyawe Purang ,Papiwa  Sullung,27.441391,93.171356
1079,ARUNACHAL PRADESH,East Kameng,Seppa ,12th Mile Camp,27.443291,93.007561
1080,ARUNACHAL PRADESH,East Kameng,Seppa ,Mebua Camp,27.443705,93.014557
1081,ARUNACHAL PRADESH,East Kameng,Gyawe Purang ,Richi Lamgu ,27.44482,93.135338
1082,ARUNACHAL PRADESH,East Kameng,Seppa ,Ramgung,27.446323,93.024033
1083,ARUNACHAL PRADESH,East Kameng,Pizirang(Veo),Kamrung(Neping),27.449013,93.030403
1085,ARUNACHAL PRADESH,East Kameng,Lada ,Sekang,27.449686,92.807213
1086,ARUNACHAL PRADESH,East Kameng,Pipu-Dipu ,Kotte Camp,27.449989,93.1032029
1087,ARUNACHAL PRADESH,East Kameng,Pipu-Dipu ,Attarang,27.451094,93.0690149
1088,ARUNACHAL PRADESH,East Kameng,Seppa ,Tallong – III,27.455561,93.046173
1089,ARUNACHAL PRADESH,East Kameng,Pipu-Dipu ,Kawa Dada,27.45838,93.077248
1090,ARUNACHAL PRADESH,East Kameng,Seppa ,Pachi Camp,27.459179,93.050209
1091,ARUNACHAL PRADESH,East Kameng,Bameng ,Gidi Sullung ,27.473434,92.919304
1092,ARUNACHAL PRADESH,East Kameng,Bameng ,18th Mile Camp,27.474216,93.04245
1093,ARUNACHAL PRADESH,East Kameng,Pipu-Dipu ,Kapu  Dada ,27.474266,93.089249
1094,ARUNACHAL PRADESH,East Kameng,Lada ,Rapung,27.486683,92.814232
1095,ARUNACHAL PRADESH,East Kameng,Pipu-Dipu ,Lozi,27.488867,93.089821
1096,ARUNACHAL PRADESH,East Kameng,Pipu-Dipu ,Fachang,27.4908322,93.0407203
1097,ARUNACHAL PRADESH,East Kameng,Lada ,Lower Liyak,27.492321,92.856979
1098,ARUNACHAL PRADESH,East Kameng,Pipu-Dipu ,Tabri ,27.494396,93.06871
1099,ARUNACHAL PRADESH,East Kameng,Gyawe Purang ,Dipu Lamgu ,27.494551,93.134499
1100,ARUNACHAL PRADESH,East Kameng,Bameng ,Londa ,27.495262,93.038216
1101,ARUNACHAL PRADESH,East Kameng,Bameng ,Lengdi/Liang ,27.5000501,92.9353883
1102,ARUNACHAL PRADESH,East Kameng,Pipu-Dipu ,Moku Sullong,27.500362,93.195824
1103,ARUNACHAL PRADESH,East Kameng,Bameng ,Rikhung ,27.5004698,93.0019362
1104,ARUNACHAL PRADESH,East Kameng,Pipu-Dipu ,Wotte Cheda ,27.50238,93.183632
1105,ARUNACHAL PRADESH,East Kameng,Pipu-Dipu ,Dafri ,27.502922,93.123337
1106,ARUNACHAL PRADESH,East Kameng,Lada ,Rojo,27.503813,92.813972
1107,ARUNACHAL PRADESH,East Kameng,Pipu-Dipu ,Lochung,27.504414,93.088554
1108,ARUNACHAL PRADESH,East Kameng,Pipu-Dipu ,Jotte Cheda ,27.506205,93.167892
1109,ARUNACHAL PRADESH,East Kameng,Bameng ,Effa,27.5070373,92.9080775
1110,ARUNACHAL PRADESH,East Kameng,Lada ,Kojo,27.5088504,92.8055222
1111,ARUNACHAL PRADESH,East Kameng,Pipu-Dipu ,Horungwa,27.510603,93.126274
1112,ARUNACHAL PRADESH,East Kameng,Bameng ,Tallo,27.5138061,92.9780346
1113,ARUNACHAL PRADESH,East Kameng,Pipu-Dipu ,Bokar,27.515102,93.116905
1114,ARUNACHAL PRADESH,East Kameng,Bameng ,Upper Liyak,27.516071,92.861153
1115,ARUNACHAL PRADESH,East Kameng,Bameng ,Emboriang,27.5164697,92.9216529
1116,ARUNACHAL PRADESH,East Kameng,Bameng ,Paksa,27.519131,92.869789
1117,ARUNACHAL PRADESH,East Kameng,Bameng ,Tayung,27.5223462,92.9559989
1118,ARUNACHAL PRADESH,East Kameng,Bameng ,Bameng H.Q.,27.52511,92.974495
1119,ARUNACHAL PRADESH,East Kameng,Pipu-Dipu ,Lasak Cheda,27.527311,93.211426
1120,ARUNACHAL PRADESH,East Kameng,Lada ,Drakshi,27.52899,92.794075
1121,ARUNACHAL PRADESH,East Kameng,Pipu-Dipu ,Rigom,27.529093,93.1289819
1122,ARUNACHAL PRADESH,East Kameng,Pipu-Dipu ,Pipu H.Q.,27.532309,93.1456989
1123,ARUNACHAL PRADESH,East Kameng,Bameng ,Lorrah,27.532972,92.9906822
1124,ARUNACHAL PRADESH,East Kameng,Bameng ,Taffo ,27.533384,92.8860629
1125,ARUNACHAL PRADESH,East Kameng,Bameng ,Milorang,27.5350244,92.9631835
1126,ARUNACHAL PRADESH,East Kameng,Bameng ,Rengte-Wah,27.5353715,92.8941939
1127,ARUNACHAL PRADESH,East Kameng,Pipu-Dipu ,Singripu,27.539034,93.088509
1128,ARUNACHAL PRADESH,East Kameng,Lada ,Wakke ,27.541841,92.760147
1129,ARUNACHAL PRADESH,East Kameng,Lada ,Prait ,27.54217,92.819199
1130,ARUNACHAL PRADESH,East Kameng,Bameng ,Lapung,27.5423301,92.8945059
1131,ARUNACHAL PRADESH,East Kameng,Pipu-Dipu ,Chege ,27.544117,93.129349
1132,ARUNACHAL PRADESH,East Kameng,Lada ,Sallang ,27.544184,92.8064799
1133,ARUNACHAL PRADESH,East Kameng,Lada ,Wabalang,27.54529,92.802963
1134,ARUNACHAL PRADESH,East Kameng,Lada ,Granjang ,27.5454771,92.7833408
1136,ARUNACHAL PRADESH,East Kameng,Bameng ,Bameng ,27.5463783,92.9463171
1137,ARUNACHAL PRADESH,East Kameng,Bameng ,Pizi Camp,27.546637,92.9801729
1138,ARUNACHAL PRADESH,East Kameng,Bameng ,Pakke Camp ,27.547386,92.994957
1139,ARUNACHAL PRADESH,East Kameng,Bameng ,Rigo Camp/Lorrah I.A.Y vill. ,27.547991,92.958687
1140,ARUNACHAL PRADESH,East Kameng,Lada ,Gikung,27.548473,92.81958
1141,ARUNACHAL PRADESH,East Kameng,Bameng ,Poube Sullung,27.548811,92.891083
1142,ARUNACHAL PRADESH,East Kameng,Bameng ,Rasong ,27.550392,92.907692
1143,ARUNACHAL PRADESH,East Kameng,Bameng ,Khora ,27.550877,93.026199
1144,ARUNACHAL PRADESH,East Kameng,Bameng ,Kawa ,27.552759,93.041092
1145,ARUNACHAL PRADESH,East Kameng,Pipu-Dipu ,Doka,27.554445,93.156936
1146,ARUNACHAL PRADESH,East Kameng,Bameng ,Tara ,27.5578434,92.9588101
1147,ARUNACHAL PRADESH,East Kameng,Bameng ,40 K.M. Camp,27.558716,93.041878
1148,ARUNACHAL PRADESH,East Kameng,Pipu-Dipu ,Ladu Sullung ,27.560919,93.1959229
1149,ARUNACHAL PRADESH,East Kameng,Bameng ,Jawa Camp,27.563507,93.038666
1150,ARUNACHAL PRADESH,East Kameng,Khenewa ,Raje,27.56398,93.055107
1151,ARUNACHAL PRADESH,East Kameng,Bameng ,Longri Riang,27.566559,93.036713
1152,ARUNACHAL PRADESH,East Kameng,Lada ,Lada ,27.5681702,92.777359
1154,ARUNACHAL PRADESH,East Kameng,Bameng ,Sepilliang,27.568325,92.939865
1155,ARUNACHAL PRADESH,East Kameng,Khenewa ,Yacho,27.568493,93.055321
1156,ARUNACHAL PRADESH,East Kameng,Khenewa ,Paffa ,27.574036,93.086754
1157,ARUNACHAL PRADESH,East Kameng,Khenewa ,Wagyung,27.574528,93.060539
1158,ARUNACHAL PRADESH,East Kameng,Khenewa ,Sangbia Camp ,27.578608,93.061455
1159,ARUNACHAL PRADESH,East Kameng,Lada ,Kampa  -  N.V.,27.578609,92.769691
1160,ARUNACHAL PRADESH,East Kameng,Bameng ,Beyong,27.5808743,92.9788058
1161,ARUNACHAL PRADESH,East Kameng,Khenewa ,Waii ,27.582802,92.9737169
1162,ARUNACHAL PRADESH,East Kameng,Lada ,Perai  -  N.V.,27.584381,92.767976
1163,ARUNACHAL PRADESH,East Kameng,Pipu-Dipu ,Pania Sullung,27.589075,93.184898
1164,ARUNACHAL PRADESH,East Kameng,Chayangtajo , Doripu Bagang ,27.593626,93.159576
1165,ARUNACHAL PRADESH,East Kameng,Khenewa ,Khenewa ,27.594126,93.035858
1167,ARUNACHAL PRADESH,East Kameng,Khenewa ,Rawa ,27.598442,92.933922
1168,ARUNACHAL PRADESH,East Kameng,Sawa ,Bodhi ,27.599943,93.108185
1169,ARUNACHAL PRADESH,East Kameng,Khenewa ,Latum I.A.Y.Village (Sangbia),27.601006,93.081154
1171,ARUNACHAL PRADESH,East Kameng,Khenewa ,Pabing ,27.601061,93.0493539
1174,ARUNACHAL PRADESH,East Kameng,Chayangtajo , Laching Bagang,27.608442,93.18158
1175,ARUNACHAL PRADESH,East Kameng,Khenewa ,Sefew ,27.608637,93.009918
1176,ARUNACHAL PRADESH,East Kameng,Khenewa ,Warrom,27.611811,93.028465
1177,ARUNACHAL PRADESH,East Kameng,Khenewa ,Margingla Camp ,27.611908,93.056755
1178,ARUNACHAL PRADESH,East Kameng,Khenewa ,Pangia ,27.612379,93.037293
1179,ARUNACHAL PRADESH,East Kameng,Chayangtajo ,Soshi Bagang,27.613293,93.1613689
1180,ARUNACHAL PRADESH,East Kameng,Chayangtajo ,Namchar Bagang,27.614023,93.153496
1181,ARUNACHAL PRADESH,East Kameng,Sawa ,Diya Sullung ,27.614454,93.090279
1182,ARUNACHAL PRADESH,East Kameng,Sawa ,Nampe,27.61787,93.101753
1183,ARUNACHAL PRADESH,East Kameng,Sawa ,Nari Camp,27.622074,93.110016
1184,ARUNACHAL PRADESH,East Kameng,Chayangtajo ,Langruk Tajo,27.624458,93.123756
1185,ARUNACHAL PRADESH,East Kameng,Lada ,Nissangjang,27.627937,92.729698
1186,ARUNACHAL PRADESH,East Kameng,Sawa , Dao ,27.630724,93.07058
1187,ARUNACHAL PRADESH,East Kameng,Sawa , Krema Pao ,27.630735,93.076965
1188,ARUNACHAL PRADESH,East Kameng,Chayangtajo ,Dambua Tajo,27.631342,93.217529
1189,ARUNACHAL PRADESH,East Kameng,Khenewa ,Jomoh ,27.631353,93.002914
1190,ARUNACHAL PRADESH,East Kameng,Sawa ,Bengde ,27.635235,93.064201
1192,ARUNACHAL PRADESH,East Kameng,Chayangtajo ,Tajo ,27.636997,93.127503
1193,ARUNACHAL PRADESH,East Kameng,Khenewa ,Jokhia,27.637587,93.048622
1194,ARUNACHAL PRADESH,East Kameng,Chayangtajo , Kamke ,27.645288,93.118492
1195,ARUNACHAL PRADESH,East Kameng,Sawa ,Tongi,27.647179,93.073616
1196,ARUNACHAL PRADESH,East Kameng,Sawa ,Parte  ,27.647867,93.096207
1197,ARUNACHAL PRADESH,East Kameng,Khenewa ,Wallong,27.649023,93.02549
1198,ARUNACHAL PRADESH,East Kameng,Sawa ,Bodo ,27.65192,93.0676189
1199,ARUNACHAL PRADESH,East Kameng,Chayangtajo , Chayangtajo H.Q.,27.652544,93.1601869
1200,ARUNACHAL PRADESH,East Kameng,Chayangtajo , Killo ,27.652781,93.12674
1201,ARUNACHAL PRADESH,East Kameng,Sawa ,Raro Sullung,27.653566,93.1015089
1202,ARUNACHAL PRADESH,East Kameng,Sawa ,Sario,27.659698,93.103729
1203,ARUNACHAL PRADESH,East Kameng,Lada ,Pipiang ,27.664091,92.718529
1204,ARUNACHAL PRADESH,East Kameng,Chayangtajo , Rebe,27.66828,93.150001
1205,ARUNACHAL PRADESH,East Kameng,Sawa , Lamrah ,27.66995,93.06926
1206,ARUNACHAL PRADESH,East Kameng,Chayangtajo ,Tamsang Yangfo ,27.675592,93.122772
1207,ARUNACHAL PRADESH,East Kameng,Sawa ,Namta Yangfo,27.676878,93.088982
1208,ARUNACHAL PRADESH,East Kameng,Sawa ,Sawa ,27.677946,93.053116
1210,ARUNACHAL PRADESH,East Kameng,Chayangtajo ,Chayangtajo ,27.6800512,93.1340551
1211,ARUNACHAL PRADESH,East Kameng,Chayangtajo ,Tarawa Yangfo,27.681971,93.148995
1212,ARUNACHAL PRADESH,East Kameng,Lada ,Bisai,27.682951,92.700546
1213,ARUNACHAL PRADESH,East Kameng,Chayangtajo ,Nampe Bagang ,27.685863,93.059326
1215,ARUNACHAL PRADESH,East Kameng,Sawa ,Tapin,27.689779,93.051231
1216,ARUNACHAL PRADESH,East Kameng,Sawa ,Lamnio ,27.691099,93.074547
1217,ARUNACHAL PRADESH,East Kameng,Pizirang(Veo),Pizirang(Veo),27.696112,93.0478739
1220,ARUNACHAL PRADESH,East Kameng,Sawa , Dara Yangfo,27.701416,93.06678
1221,ARUNACHAL PRADESH,East Kameng,Sawa ,Yakli Sullung ,27.703114,93.037491
1222,ARUNACHAL PRADESH,East Kameng,Sawa , Byale Sullung,27.705994,93.094002
1223,ARUNACHAL PRADESH,East Kameng,Sawa ,Venia ,27.710108,93.03585
1224,ARUNACHAL PRADESH,East Kameng,Chayangtajo ,Wada Bagang,27.710545,93.180931
1227,ARUNACHAL PRADESH,East Kameng,Chayangtajo ,Yangfo ,27.717504,93.163109
1228,ARUNACHAL PRADESH,East Kameng,Chayangtajo ,Hara Yangfo ,27.720226,93.129448
1229,ARUNACHAL PRADESH,East Kameng,Sawa , Loto Yangfo ,27.720615,93.113327
1230,ARUNACHAL PRADESH,East Kameng,Sawa , Mechar ,27.735317,93.044281
1231,ARUNACHAL PRADESH,East Kameng,Sawa , Kowa Sullung ,27.736897,93.102043
1232,ARUNACHAL PRADESH,East Kameng,Chayangtajo ,Jayang Bagang ,27.738977,93.160561
1233,ARUNACHAL PRADESH,East Kameng,Chayangtajo ,Kesse Bagang ,27.751812,93.1628719
1234,ARUNACHAL PRADESH,East Kameng,Sawa , Mechi ,27.779552,93.0824279
1235,ARUNACHAL PRADESH,East Kameng,Chayangtajo , Paje Tassar ,27.79302,93.206497
1237,ARUNACHAL PRADESH,East Siang,Ruksin ,Debing,27.829189,95.162865
1239,ARUNACHAL PRADESH,East Siang,Ruksin ,Ruksin ,27.8452778,95.2253625
1241,ARUNACHAL PRADESH,East Siang,Ruksin ,Rayang,27.856524,95.202827
1242,ARUNACHAL PRADESH,East Siang,Ruksin ,Niglok,27.865965,95.220505
1243,ARUNACHAL PRADESH,East Siang,Sille-Oyan,10th Mile Oyan,27.883038,95.296364
1244,ARUNACHAL PRADESH,East Siang,Kora ,Mane,27.889875,95.065201
1245,ARUNACHAL PRADESH,East Siang,Sille-Oyan,Donyi Polo T.E.,27.890772,95.318359
1246,ARUNACHAL PRADESH,East Siang,Sille-Oyan,Oyan Camp,27.892138,95.32119
1247,ARUNACHAL PRADESH,East Siang,Sille-Oyan,Oyan Village,27.895483,95.315796
1248,ARUNACHAL PRADESH,East Siang,Sille-Oyan,12th Mile,27.902113,95.293968
1249,ARUNACHAL PRADESH,East Siang,Sille-Oyan,Sille Camp,27.908854,95.311111
1250,ARUNACHAL PRADESH,East Siang,Namsing ,Mer,27.910803,95.491844
1251,ARUNACHAL PRADESH,East Siang,Sille-Oyan,Sille,27.915087,95.304039
1252,ARUNACHAL PRADESH,East Siang,Koyu ,Rama Camp,27.922083,95.0617369
1253,ARUNACHAL PRADESH,East Siang,Bilat ,Mikung,27.923224,95.234268
1254,ARUNACHAL PRADESH,East Siang,Sille-Oyan,Mangnang,27.92551,95.263977
1256,ARUNACHAL PRADESH,East Siang,Namsing ,Namsing ,27.9255831,95.4895788
1257,ARUNACHAL PRADESH,East Siang,Kora ,Korang,27.929659,95.059814
1258,ARUNACHAL PRADESH,East Siang,Sille-Oyan,Sikabamin,27.933657,95.346939
1259,ARUNACHAL PRADESH,East Siang,Bilat ,Bamin ,27.9373,95.113518
1260,ARUNACHAL PRADESH,East Siang,Bilat ,Ledum,27.938545,95.125298
1261,ARUNACHAL PRADESH,East Siang,Bilat ,Bilat ,27.942774,95.194359
1263,ARUNACHAL PRADESH,East Siang,Bilat ,Lesing T.E.,27.945106,95.143478
1264,ARUNACHAL PRADESH,East Siang,Kora ,Tene Camp,27.948647,95.044602
1265,ARUNACHAL PRADESH,East Siang,Sille-Oyan,Sika Tode,27.949482,95.3424299
1266,ARUNACHAL PRADESH,East Siang,Bilat ,Mirem ,27.9570689,95.2044864
1267,ARUNACHAL PRADESH,East Siang,Sille-Oyan,Rani,27.9635747,95.3130616
1268,ARUNACHAL PRADESH,East Siang,Bilat ,Remi,27.974228,95.227081
1269,ARUNACHAL PRADESH,East Siang,Kora ,Sido,27.974546,95.036354
1270,ARUNACHAL PRADESH,East Siang,Bilat ,Miglung,27.97534,95.220123
1271,ARUNACHAL PRADESH,East Siang,Pasighat ,Berung,27.9778518,95.3481641
1272,ARUNACHAL PRADESH,East Siang,Pasighat ,Muralali/Pillumuk F.Camp,27.986086,95.354904
1273,ARUNACHAL PRADESH,East Siang,Namsing ,Kongkul,28.002256,95.493378
1274,ARUNACHAL PRADESH,East Siang,Namsing ,Seram,28.021471,95.471718
1275,ARUNACHAL PRADESH,East Siang,Pasighat ,Yagrung,28.023216,95.225014
1276,ARUNACHAL PRADESH,East Siang,Pasighat ,Sibut,28.023396,95.23706
1277,ARUNACHAL PRADESH,East Siang,Pasighat ,3rd Mile ,28.028414,95.330277
1278,ARUNACHAL PRADESH,East Siang,Pasighat ,Taki Lalung,28.033016,95.252998
1279,ARUNACHAL PRADESH,East Siang,Pasighat ,7th Mile Camp,28.037344,95.330277
1280,ARUNACHAL PRADESH,East Siang,Pasighat ,Tekang,28.038057,95.227074
1281,ARUNACHAL PRADESH,East Siang,Pasighat ,Tajum,28.038475,95.344238
1282,ARUNACHAL PRADESH,East Siang,Pasighat ,Runne,28.050684,95.248154
1283,ARUNACHAL PRADESH,East Siang,Pasighat ,Napit,28.055899,95.272461
1284,ARUNACHAL PRADESH,East Siang,Pasighat ,Pasighat ,28.061899,95.3259358
1285,ARUNACHAL PRADESH,East Siang,Pasighat ,Boying,28.068869,95.264137
1286,ARUNACHAL PRADESH,East Siang,Pasighat ,Kelek,28.070864,95.270706
1287,ARUNACHAL PRADESH,East Siang,Pasighat ,Roying,28.072374,95.264709
1288,ARUNACHAL PRADESH,East Siang,Pasighat ,Mirsam,28.0728074,95.3122204
1289,ARUNACHAL PRADESH,East Siang,Namsing ,Borguli ,28.073465,95.456894
1291,ARUNACHAL PRADESH,East Siang,Pasighat ,Balek,28.074472,95.276596
1292,ARUNACHAL PRADESH,East Siang,Pasighat ,Rasam,28.077003,95.270905
1293,ARUNACHAL PRADESH,East Siang,Pasighat ,Dapi,28.0779191,95.3234377
1294,ARUNACHAL PRADESH,East Siang,Pasighat ,Tigra,28.07893,95.2776109
1295,ARUNACHAL PRADESH,East Siang,Pasighat ,Mirbuk,28.0795681,95.3042269
1296,ARUNACHAL PRADESH,East Siang,Kebang ,Sole,28.081108,95.1714779
1297,ARUNACHAL PRADESH,East Siang,Namsing ,Kiyit,28.081465,95.462883
1298,ARUNACHAL PRADESH,East Siang,Kebang ,Yemsing,28.082132,94.983833
1299,ARUNACHAL PRADESH,East Siang,Pasighat ,Gunne,28.083328,95.270409
1300,ARUNACHAL PRADESH,East Siang,Pasighat ,Mirku,28.0868497,95.316169
1301,ARUNACHAL PRADESH,East Siang,Mebo ,Motum Vill.,28.088692,95.44233
1302,ARUNACHAL PRADESH,East Siang,Mebo ,Sigar,28.095512,95.388535
1303,ARUNACHAL PRADESH,East Siang,Kebang ,Kallek,28.096863,95.1595229
1304,ARUNACHAL PRADESH,East Siang,Mebo ,Ralling,28.099148,95.430618
1305,ARUNACHAL PRADESH,East Siang,Kebang ,Kebang-Denki,28.1097051,95.1432068
1351,ARUNACHAL PRADESH,East Siang,Pangin,29th Mile Camp,28.112741,95.086288
1352,ARUNACHAL PRADESH,East Siang,Mebo ,Ranaghat,28.117159,95.285133
1353,ARUNACHAL PRADESH,East Siang,Mebo ,Mebo Village,28.120039,95.299438
1354,ARUNACHAL PRADESH,East Siang,Kebang ,Babuk,28.12145,95.08847
1355,ARUNACHAL PRADESH,East Siang,Pangin,26th Mile,28.122602,95.1514739
1356,ARUNACHAL PRADESH,East Siang,Kebang ,Rottung,28.134134,95.1417309
1357,ARUNACHAL PRADESH,East Siang,Kebang ,Sissen,28.134901,95.103798
1358,ARUNACHAL PRADESH,East Siang,Kebang ,Kebang ,28.139177,95.028893
1359,ARUNACHAL PRADESH,East Siang,Pasighat ,Diking,28.140726,95.263924
1360,ARUNACHAL PRADESH,East Siang,Pangin,Pangin,28.1416067,95.2733414
1363,ARUNACHAL PRADESH,East Siang,Pasighat ,Rengging,28.150223,95.258026
1364,ARUNACHAL PRADESH,East Siang,Pangin,Yembung Camp,28.153967,95.005043
1366,ARUNACHAL PRADESH,East Siang,Pangin,Tarak,28.160852,94.935455
1367,ARUNACHAL PRADESH,East Siang,Mebo ,Ayeng,28.163525,95.339829
1368,ARUNACHAL PRADESH,East Siang,Mebo ,Mebo ,28.1653994,95.4227858
1369,ARUNACHAL PRADESH,East Siang,Kebang ,Pangi,28.175028,95.013237
1370,ARUNACHAL PRADESH,East Siang,Mebo ,Mebo H.Q.,28.184919,95.4002
1371,ARUNACHAL PRADESH,East Siang,Mebo ,Silluk,28.195892,95.478241
1372,ARUNACHAL PRADESH,East Siang,Pangin,Lokpeng,28.203054,94.891357
1373,ARUNACHAL PRADESH,East Siang,Pangin,Koreng,28.206625,94.960251
1375,ARUNACHAL PRADESH,East Siang,Pangin,Yeksi,28.221123,94.959045
1377,ARUNACHAL PRADESH,East Siang,Rebo-Perging ,Jorsing,28.2587745,95.0469034
1378,ARUNACHAL PRADESH,East Siang,Rebo-Perging ,Komsing(Kumku),28.2609909,95.0161859
1380,ARUNACHAL PRADESH,East Siang,Rebo-Perging ,Rebo-Perging ,28.283902,95.007489
1381,ARUNACHAL PRADESH,East Siang,Rebo-Perging ,Mopit,28.2966734,94.9678306
1382,ARUNACHAL PRADESH,East Siang,Rebo-Perging ,Begging,28.305279,94.974319
1383,ARUNACHAL PRADESH,East Siang,Boleng ,Dosing,28.314815,94.94046
1384,ARUNACHAL PRADESH,East Siang,Boleng ,Boleng ,28.3237633,94.9532721
1385,ARUNACHAL PRADESH,East Siang,Boleng ,Lileng,28.326565,94.932892
1386,ARUNACHAL PRADESH,East Siang,Rebo-Perging ,Riew,28.3272942,95.0559654
1387,ARUNACHAL PRADESH,East Siang,Riga,Parong,28.34363,94.995506
1388,ARUNACHAL PRADESH,East Siang,Boleng ,Rengo,28.355713,94.914795
1389,ARUNACHAL PRADESH,East Siang,Riga,Dite Dime,28.356037,95.018219
1390,ARUNACHAL PRADESH,East Siang,Riga,Sitang,28.36553,95.025154
1391,ARUNACHAL PRADESH,East Siang,Boleng ,Pareng,28.37294,94.903725
1392,ARUNACHAL PRADESH,East Siang,Boleng ,Sine,28.402105,94.845986
1394,ARUNACHAL PRADESH,East Siang,Riga,Riga,28.41967,95.019157
1396,ARUNACHAL PRADESH,East Siang,Boleng ,Yingku,28.422379,94.849251
1397,ARUNACHAL PRADESH,East Siang,Boleng ,Yibuk,28.4295737,94.8468784
1398,ARUNACHAL PRADESH,East Siang,Boleng ,Supsing,28.431814,94.87355
1399,ARUNACHAL PRADESH,East Siang,Boleng ,Messing,28.435293,94.754707
1401,ARUNACHAL PRADESH,East Siang,Riga,Riga(Mongku)/Mobuk,28.435877,95.039543
1402,ARUNACHAL PRADESH,East Siang,Riga,Ugeng,28.466368,95.060875
1403,ARUNACHAL PRADESH,East Siang,Boleng ,Lissing,28.485909,94.760536
1662,ARUNACHAL PRADESH,Kurung Kumey,Kurung Kumey,Kurung Kumey,28.2179994,94.7277528
2155,ARUNACHAL PRADESH,Lohit,Tezu,27th Mile,27.7647813,95.6486085
2157,ARUNACHAL PRADESH,Lohit,Wakro,Waikhetliang,27.786411,96.264366
2158,ARUNACHAL PRADESH,Lohit,Chongkham,Mimey,27.793961,96.100395
2159,ARUNACHAL PRADESH,Lohit,Wakro,Babruliang,27.794306,96.2608489
2160,ARUNACHAL PRADESH,Lohit,Chongkham,Marua camp,27.803843,96.117889
2161,ARUNACHAL PRADESH,Lohit,Wakro,Medo Camp,27.808014,96.26754
2162,ARUNACHAL PRADESH,Lohit,Wakro,Medo Village,27.81496,96.264237
2163,ARUNACHAL PRADESH,Lohit,Wakro,Topo,27.820717,96.266975
2164,ARUNACHAL PRADESH,Lohit,Chongkham,Pankhao,27.82189,96.146713
2166,ARUNACHAL PRADESH,Lohit,Chongkham,Guna Nagar - I,27.825798,96.095879
2167,ARUNACHAL PRADESH,Lohit,Chongkham,Chakma -I,27.849291,96.068779
2168,ARUNACHAL PRADESH,Lohit,Chongkham,Chakma-III,27.855225,96.100212
2169,ARUNACHAL PRADESH,Lohit,Chongkham,Chakma -II,27.856899,96.082626
2170,ARUNACHAL PRADESH,Lohit,Wakro,Parsuram Kund,27.8894589,96.342888
2171,ARUNACHAL PRADESH,Lohit,Tezu,Temporary L/Camp,27.90335,96.118276
2172,ARUNACHAL PRADESH,Lohit,Chongkham,Alubari,27.9039651,96.1739116
2444,ARUNACHAL PRADESH,Lohit,Tezu,Demwe,27.9072875,96.278094
2445,ARUNACHAL PRADESH,Lohit,Tezu,Danglat,27.909366,96.1016845
2446,ARUNACHAL PRADESH,Lohit,Namsai,2nd Mile ,27.9100302,96.1278488
2447,ARUNACHAL PRADESH,Lohit,Tezu,Tindolong,27.9104097,96.1275175
2448,ARUNACHAL PRADESH,Lohit,Tezu,Jhalukbari,27.911966,96.086464
2449,ARUNACHAL PRADESH,Lohit,Namsai,6th Mile Camp,27.914192,96.1353279
2450,ARUNACHAL PRADESH,Lohit,Tezu,Panbari,27.9169095,96.1861788
2451,ARUNACHAL PRADESH,Lohit,Tezu,Khoraliang,27.9218733,96.1812053
2452,ARUNACHAL PRADESH,Lohit,Tezu,Parasuram Cement Plant,27.93107,96.209648
2453,ARUNACHAL PRADESH,Lohit,Tezu,Tezu,27.9338514,96.1580011
2454,ARUNACHAL PRADESH,Lohit,Tezu,Telluliang(New),27.936039,96.140678
2455,ARUNACHAL PRADESH,Lohit,Tezu, Duraliang,27.940697,96.237289
2456,ARUNACHAL PRADESH,Lohit,Tezu,Telluliang(Old),27.944061,96.133331
2457,ARUNACHAL PRADESH,Lohit,Tezu,Changliang,27.950415,96.211777
2458,ARUNACHAL PRADESH,Lohit,Tezu,Duranallah,27.965757,96.268074
2459,ARUNACHAL PRADESH,Lohit,Tezu,Tezu Gam,27.967487,96.226273
2460,ARUNACHAL PRADESH,Lohit,Tezu,Tafra Gam,27.978937,96.235725
2461,ARUNACHAL PRADESH,Lohit,Tezu,Loiliang,27.994328,96.17907
2462,ARUNACHAL PRADESH,Lohit,Tezu,43rd Mile,27.995657,96.210999
2463,ARUNACHAL PRADESH,Lohit,Tezu,Lohitpur,28.0045054,96.2083985
2611,ARUNACHAL PRADESH,Lower Dibang Valley,Lower Dibang Valley,Lower Dibang Valley,28.1428728,95.8431018
2780,ARUNACHAL PRADESH,Lower Dibang Valley,Roing,Cheta - I,28.148888,95.841202
2785,ARUNACHAL PRADESH,Lower Subansiri,Yachuli,Phu-Joram,27.499815,93.795067
2786,ARUNACHAL PRADESH,Lower Subansiri,Ziro (Sadar) ,Diko-Pita,27.506247,93.853996
2787,ARUNACHAL PRADESH,Lower Subansiri,Yachuli,Lower - Tallo,27.51391,93.758514
2788,ARUNACHAL PRADESH,Lower Subansiri,Yachuli,Yachuli,27.5152074,93.783515
2790,ARUNACHAL PRADESH,Lower Subansiri,Ziro (Sadar) ,Manipolyang,27.516657,93.892189
2791,ARUNACHAL PRADESH,Lower Subansiri,Yachuli,Talo,27.521477,93.757988
2792,ARUNACHAL PRADESH,Lower Subansiri,Yazali ,Taoh,27.522694,93.745323
2793,ARUNACHAL PRADESH,Lower Subansiri,Ziro (Sadar) ,Dilopolyang,27.526115,93.893082
2794,ARUNACHAL PRADESH,Lower Subansiri,Ziro (Sadar) ,Tarin,27.5271269,93.831473
2795,ARUNACHAL PRADESH,Lower Subansiri,Yachuli,Upper - Tallo,27.530933,93.7515559
2797,ARUNACHAL PRADESH,Lower Subansiri,Yazali ,Yazali ,27.5358319,93.7523965
2798,ARUNACHAL PRADESH,Lower Subansiri,Ziro (Sadar) ,Hong - II,27.539062,93.861893
2799,ARUNACHAL PRADESH,Lower Subansiri,Ziro (Sadar) ,Bokan,27.539873,93.875641
2800,ARUNACHAL PRADESH,Lower Subansiri,Old Ziro ,Bolya,27.539879,93.877602
2801,ARUNACHAL PRADESH,Lower Subansiri,Dollungmukh ,Para (H.Q.),27.5398842,93.8134789
2802,ARUNACHAL PRADESH,Lower Subansiri,Ziro (Sadar) ,Duku,27.540579,93.871773
2803,ARUNACHAL PRADESH,Lower Subansiri,Kamporijo ,Putu,27.5406534,93.8173421
2804,ARUNACHAL PRADESH,Lower Subansiri,Ziro (Sadar) ,Hong - III,27.540735,93.861893
2805,ARUNACHAL PRADESH,Lower Subansiri,Old Ziro ,Megya,27.541546,93.864845
2806,ARUNACHAL PRADESH,Lower Subansiri,Ziro (Sadar) ,Hanoko,27.541573,93.868645
2807,ARUNACHAL PRADESH,Lower Subansiri,Ziro (Sadar) ,Silyo,27.542145,93.867142
2808,ARUNACHAL PRADESH,Lower Subansiri,Ziro (Sadar) ,Sibe,27.5423241,93.8361547
2809,ARUNACHAL PRADESH,Lower Subansiri,Yachuli,Pai,27.5424605,93.8121468
2810,ARUNACHAL PRADESH,Lower Subansiri,Ziro (Sadar) ,Rubu,27.543451,93.812835
2813,ARUNACHAL PRADESH,Lower Subansiri,Ziro (Sadar) ,Siro,27.5447892,93.8196909
2814,ARUNACHAL PRADESH,Lower Subansiri,Old Ziro ,Hari - II,27.544947,93.872162
2815,ARUNACHAL PRADESH,Lower Subansiri,Ziro (Sadar) ,Salang,27.547452,93.8217599
2816,ARUNACHAL PRADESH,Lower Subansiri,Ziro (Sadar) ,Pange,27.5475249,93.8978143
2817,ARUNACHAL PRADESH,Lower Subansiri,Ziro (Sadar) ,Michi,27.5509181,93.8321418
2818,ARUNACHAL PRADESH,Lower Subansiri,Ziro (Sadar) ,Bree,27.550936,93.854362
2819,ARUNACHAL PRADESH,Lower Subansiri,Ziro (Sadar) ,Mudang Tage - II,27.552832,93.845658
2820,ARUNACHAL PRADESH,Lower Subansiri,Ziro (Sadar) ,Abulyangi,27.5531273,93.8270149
2821,ARUNACHAL PRADESH,Lower Subansiri,Ziro (Sadar) ,Mudang Tage - I,27.5543931,93.8257254
2822,ARUNACHAL PRADESH,Lower Subansiri,Old Ziro ,Dutta,27.5573191,93.8371915
2823,ARUNACHAL PRADESH,Lower Subansiri,Old Ziro ,Hija - III,27.558262,93.83625
2824,ARUNACHAL PRADESH,Lower Subansiri,Ziro (Sadar) ,Hong - I,27.5588964,93.8470813
2825,ARUNACHAL PRADESH,Lower Subansiri,Old Ziro ,Hija - II,27.561066,93.836197
2826,ARUNACHAL PRADESH,Lower Subansiri,Old Ziro ,Siyapiro,27.56983,93.87645
2827,ARUNACHAL PRADESH,Lower Subansiri,Ziro (Sadar) ,Bamin,27.57,93.8295927
2828,ARUNACHAL PRADESH,Lower Subansiri,Old Ziro ,Old Ziro - II,27.570295,93.823578
2829,ARUNACHAL PRADESH,Lower Subansiri,Old Ziro ,Kalong,27.571085,93.838676
2830,ARUNACHAL PRADESH,Lower Subansiri,Old Ziro ,Old Ziro - III,27.571718,93.819504
2831,ARUNACHAL PRADESH,Lower Subansiri,Old Ziro ,Lajibogya,27.572821,93.850799
2832,ARUNACHAL PRADESH,Lower Subansiri,Old Ziro ,Keiliya,27.572842,93.814728
2833,ARUNACHAL PRADESH,Lower Subansiri,Old Ziro ,Tajang,27.575247,93.845245
2834,ARUNACHAL PRADESH,Lower Subansiri,Old Ziro ,Pangi,27.5767,93.850441
2835,ARUNACHAL PRADESH,Lower Subansiri,Old Ziro ,Hija - I,27.5778575,93.8235525
2836,ARUNACHAL PRADESH,Lower Subansiri,Old Ziro ,Subuago,27.578966,93.846703
2837,ARUNACHAL PRADESH,Lower Subansiri,Old Ziro ,Myolyang  ,27.579794,93.8341669
2838,ARUNACHAL PRADESH,Lower Subansiri,Old Ziro ,Reru - I,27.579819,93.850479
2839,ARUNACHAL PRADESH,Lower Subansiri,Old Ziro ,Reru - II,27.581837,93.848549
2840,ARUNACHAL PRADESH,Lower Subansiri,Old Ziro ,Hari - I,27.5836587,93.8438294
2841,ARUNACHAL PRADESH,Lower Subansiri,Old Ziro ,Byara,27.5840961,93.841712
2842,ARUNACHAL PRADESH,Lower Subansiri,Old Ziro ,Nenchalya,27.584833,93.8263129
2843,ARUNACHAL PRADESH,Lower Subansiri,Ziro (Sadar) ,Khahu,27.5875672,93.8830233
2844,ARUNACHAL PRADESH,Lower Subansiri,Old Ziro ,Old Ziro ,27.5953675,93.8260957
2846,ARUNACHAL PRADESH,Lower Subansiri,Old Ziro ,Lempia,27.6072893,93.8311862
2847,ARUNACHAL PRADESH,Lower Subansiri,Dollungmukh ,Biku,27.6169349,93.8391557
3361,ARUNACHAL PRADESH,Lower Subansiri,Kamporijo ,Poku,27.635937,93.945686
3362,ARUNACHAL PRADESH,Lower Subansiri,Yachuli,Tadarko,27.6457838,93.8323526
3363,ARUNACHAL PRADESH,Lower Subansiri,Kamporijo ,Yattap,27.656073,93.938805
3364,ARUNACHAL PRADESH,Lower Subansiri,Yachuli,Balam,27.665047,93.892883
3365,ARUNACHAL PRADESH,Lower Subansiri,Yachuli,Loth,27.666462,93.881561
3366,ARUNACHAL PRADESH,Lower Subansiri,Kamporijo ,Pamluk,27.6689774,93.9177323
3367,ARUNACHAL PRADESH,Lower Subansiri,Yachuli,Paa,27.670877,93.887932
3368,ARUNACHAL PRADESH,Lower Subansiri,Yachuli,Lending,27.671669,93.9027179
3369,ARUNACHAL PRADESH,Lower Subansiri,Yachuli,Raka,27.6794057,93.885259
3370,ARUNACHAL PRADESH,Lower Subansiri,Kamporijo ,Sektap,27.68787,93.924423
3371,ARUNACHAL PRADESH,Lower Subansiri,Kamporijo ,Repari,27.7177533,93.9272872
3372,ARUNACHAL PRADESH,Papum Pare,Balijan,Chakma - I,26.985764,93.631119
3374,ARUNACHAL PRADESH,Papum Pare,Balijan,Chakma - II,26.993273,93.649582
3375,ARUNACHAL PRADESH,Papum Pare,Balijan,Chakma - V,26.99638,93.632904
3376,ARUNACHAL PRADESH,Papum Pare,Balijan,Chakma - III,26.999897,93.645058
3377,ARUNACHAL PRADESH,Papum Pare,Balijan,Chakma - VI,27.004263,93.658966
3378,ARUNACHAL PRADESH,Papum Pare,Balijan,Chakma - IX,27.011108,93.67717
3379,ARUNACHAL PRADESH,Papum Pare,Banderdawa ,Chessa,27.011612,93.714645
3380,ARUNACHAL PRADESH,Papum Pare,Banderdawa ,Vana Vigyan Kendra,27.013821,93.717972
3381,ARUNACHAL PRADESH,Papum Pare,Balijan,Chakma - VIII,27.015257,93.689079
3382,ARUNACHAL PRADESH,Papum Pare,Banderdawa ,Chessa Forest,27.016663,93.72113
3383,ARUNACHAL PRADESH,Papum Pare,Banderdawa ,Sonajuli Farm,27.034836,93.76178
3384,ARUNACHAL PRADESH,Papum Pare,Itanagar ,Chimi,27.037272,93.605209
3385,ARUNACHAL PRADESH,Papum Pare,Sangdupota (Besar Nello),Gunggung,27.052231,93.522514
3386,ARUNACHAL PRADESH,Papum Pare,Itanagar ,Dat,27.056086,93.607857
3387,ARUNACHAL PRADESH,Papum Pare,Sangdupota (Besar Nello),Poma RWD Staff Colony,27.057093,93.530289
3388,ARUNACHAL PRADESH,Papum Pare,Sangdupota (Besar Nello),Poma,27.05941,93.542587
3389,ARUNACHAL PRADESH,Papum Pare,Banderdawa ,Goru Bandha F/Camp,27.063454,93.801979
3390,ARUNACHAL PRADESH,Papum Pare,Banderdawa ,Pichola Saw Mill,27.0648,93.821838
3391,ARUNACHAL PRADESH,Papum Pare,Banderdawa ,Pichola Forest Camp,27.068853,93.829994
3392,ARUNACHAL PRADESH,Papum Pare,Sangdupota (Besar Nello),Rilo PWD Colony,27.070723,93.52742
3393,ARUNACHAL PRADESH,Papum Pare,Itanagar ,Chimpu,27.071159,93.614792
3394,ARUNACHAL PRADESH,Papum Pare,Banderdawa ,Goru Bandha,27.075583,93.792183
3395,ARUNACHAL PRADESH,Papum Pare,Itanagar ,Bat,27.076071,93.587463
3396,ARUNACHAL PRADESH,Papum Pare,Sangdupota (Besar Nello),Moing,27.083715,93.529098
3397,ARUNACHAL PRADESH,Papum Pare,Itanagar ,Itanagar ,27.0843682,93.6053163
3398,ARUNACHAL PRADESH,Papum Pare,Itanagar ,Papu Nalah to E/Gate,27.089224,93.693817
3399,ARUNACHAL PRADESH,Papum Pare,Itanagar ,Lobi Dariya,27.091444,93.662758
3401,ARUNACHAL PRADESH,Papum Pare,Naharlagun ,Papu - I,27.09392,93.696426
3402,ARUNACHAL PRADESH,Papum Pare,Banderdawa , Kharsingsa RWD Colony,27.0944963,93.6228884
3403,ARUNACHAL PRADESH,Papum Pare,Toru,Rumi,27.0945273,93.6977867
3404,ARUNACHAL PRADESH,Papum Pare,Sangdupota (Besar Nello),Depra,27.09552,93.520027
3405,ARUNACHAL PRADESH,Papum Pare,Banderdawa ,Kharsingasa Village,27.09847,93.81621
3406,ARUNACHAL PRADESH,Papum Pare,Naharlagun ,Naharlagun ,27.0985774,93.6948869
3407,ARUNACHAL PRADESH,Papum Pare,Naharlagun ,Sood,27.100636,93.691444
3408,ARUNACHAL PRADESH,Papum Pare,Itanagar ,Ganga,27.101343,93.609154
3409,ARUNACHAL PRADESH,Papum Pare,Banderdawa ,Kharsingasa Complex,27.10232,93.81134
3410,ARUNACHAL PRADESH,Papum Pare,Naharlagun ,Naharlagun Model Vill.,27.110472,93.722801
3411,ARUNACHAL PRADESH,Papum Pare,Naharlagun ,Nirjuli Village,27.1178324,93.7485874
3414,ARUNACHAL PRADESH,Papum Pare,Naharlagun ,Lekhi Village,27.119322,93.732941
3415,ARUNACHAL PRADESH,Papum Pare,Doimukh ,Lekhi ,27.1228771,93.7244696
3416,ARUNACHAL PRADESH,Papum Pare,Naharlagun ,Papu - II,27.125582,93.784103
3417,ARUNACHAL PRADESH,Papum Pare,Banderdawa ,Tarajuli ,27.128168,93.725914
3420,ARUNACHAL PRADESH,Papum Pare,Naharlagun ,Nirjuli Complex,27.133296,93.745442
3421,ARUNACHAL PRADESH,Papum Pare,Doimukh ,Amba,27.135439,93.77034
3422,ARUNACHAL PRADESH,Papum Pare,Gumto ,Gumto ,27.1369736,93.7915999
3423,ARUNACHAL PRADESH,Papum Pare,Gumto ,Gumto  - II,27.138336,93.799972
3424,ARUNACHAL PRADESH,Papum Pare,Gumto ,Gumto - I,27.138351,93.8056639
3425,ARUNACHAL PRADESH,Papum Pare,Doimukh ,Doimukh H.Q.,27.141022,93.766762
3426,ARUNACHAL PRADESH,Papum Pare,Doimukh ,Upia,27.14576,93.756226
3427,ARUNACHAL PRADESH,Papum Pare,Banderdawa ,C.F.Colony,27.1470207,93.7657785
3428,ARUNACHAL PRADESH,Papum Pare,Naharlagun ,Borum,27.148558,93.6643069
3429,ARUNACHAL PRADESH,Papum Pare,Doimukh ,Rono,27.149038,93.770515
3430,ARUNACHAL PRADESH,Papum Pare,Doimukh ,Doimukh ,27.1500703,93.7511268
3431,ARUNACHAL PRADESH,Papum Pare,Doimukh ,Tigdo,27.154934,93.752502
3432,ARUNACHAL PRADESH,Papum Pare,Doimukh ,Numpu,27.158709,93.790367
3433,ARUNACHAL PRADESH,Papum Pare,Doimukh ,Neepco,27.160021,93.800644
3434,ARUNACHAL PRADESH,Papum Pare,Doimukh ,Mani,27.169663,93.792839
3435,ARUNACHAL PRADESH,Papum Pare,Balijan,Balijan,27.1719019,93.7029002
3805,ARUNACHAL PRADESH,Papum Pare,Doimukh ,Midpu - I,27.173592,93.767113
3806,ARUNACHAL PRADESH,Papum Pare,Doimukh ,Lekha,27.175236,93.807609
3807,ARUNACHAL PRADESH,Papum Pare,Naharlagun ,Hostalam,27.177076,93.731102
3808,ARUNACHAL PRADESH,Papum Pare,Gumto ,Denka,27.179476,93.849503
3809,ARUNACHAL PRADESH,Papum Pare,Doimukh ,Chiputa,27.185884,93.7932809
3810,ARUNACHAL PRADESH,Papum Pare,Gumto ,Bogoli,27.186939,93.856247
3811,ARUNACHAL PRADESH,Papum Pare,Doimukh ,Midpu - II,27.188505,93.713486
3812,ARUNACHAL PRADESH,Papum Pare,Doimukh ,Taying Tarang,27.191698,93.688339
3813,ARUNACHAL PRADESH,Papum Pare,Doimukh ,Shopo,27.192513,93.835014
3814,ARUNACHAL PRADESH,Papum Pare,Doimukh ,10 Mile Camp,27.199598,93.714867
3815,ARUNACHAL PRADESH,Papum Pare,Doimukh ,5 Mile Village,27.199831,93.753334
3816,ARUNACHAL PRADESH,Papum Pare,Toru,Hoj -I,27.204702,93.608406
3817,ARUNACHAL PRADESH,Papum Pare,Sagalee,Yapso,27.207638,93.509956
3818,ARUNACHAL PRADESH,Papum Pare,Toru,Kheel - I,27.208054,93.691002
3819,ARUNACHAL PRADESH,Papum Pare,Doimukh ,Rose,27.20883,93.83712
3820,ARUNACHAL PRADESH,Papum Pare,Toru,Toru,27.211191,93.671226
3822,ARUNACHAL PRADESH,Papum Pare,Toru,Satang,27.212475,93.7151109
3823,ARUNACHAL PRADESH,Papum Pare,Toru,58 K.M. Camp,27.212935,93.654663
3825,ARUNACHAL PRADESH,Papum Pare,Toru,Laptap,27.21629,93.6343
3827,ARUNACHAL PRADESH,Papum Pare,Sagalee,Rigo,27.21668,93.575233
3828,ARUNACHAL PRADESH,Papum Pare,Toru,Tashi,27.217669,93.656677
3829,ARUNACHAL PRADESH,Papum Pare,Sagalee,Balapu -I,27.218822,93.591561
3831,ARUNACHAL PRADESH,Papum Pare,Sagalee,Deb -I,27.221581,93.524994
3832,ARUNACHAL PRADESH,Papum Pare,Doimukh ,Jampa,27.224724,93.878303
3833,ARUNACHAL PRADESH,Papum Pare,Toru,19th Mile ,27.225336,93.724587
3834,ARUNACHAL PRADESH,Papum Pare,Toru,Mowa,27.226114,93.672661
3835,ARUNACHAL PRADESH,Papum Pare,Toru, Upper Geram,27.226908,93.711266
3837,ARUNACHAL PRADESH,Papum Pare,Sangdupota (Besar Nello),Habia,27.229845,93.776863
3839,ARUNACHAL PRADESH,Papum Pare,Sagalee,Rate,27.231239,93.525261
3840,ARUNACHAL PRADESH,Papum Pare,Doimukh ,Tomru,27.231895,93.89344
3841,ARUNACHAL PRADESH,Papum Pare,Sagalee,Nimte -I,27.2331698,93.5471135
3843,ARUNACHAL PRADESH,Papum Pare,Toru,Sang Kang,27.234186,93.6646899
3844,ARUNACHAL PRADESH,Papum Pare,Toru,Mep - Soro,27.234432,93.728332
3845,ARUNACHAL PRADESH,Papum Pare,Toru,59th K.M. Toru,27.236512,93.6950729
3846,ARUNACHAL PRADESH,Papum Pare,Sagalee,Langfer -I(Longpak),27.236712,93.594673
3848,ARUNACHAL PRADESH,Papum Pare,Sangdupota (Besar Nello),Lower Jote,27.236742,93.553764
3849,ARUNACHAL PRADESH,Papum Pare,Toru,Kuksing(Luk Sing),27.238116,93.768194
3850,ARUNACHAL PRADESH,Papum Pare,Sagalee,Meb,27.239853,93.603645
3851,ARUNACHAL PRADESH,Papum Pare,Toru,Dakte,27.241471,93.7629089
3852,ARUNACHAL PRADESH,Papum Pare,Kimin ,Bukka - I,27.243252,93.897491
3853,ARUNACHAL PRADESH,Papum Pare,Sagalee,Rach - I,27.244982,93.516228
3855,ARUNACHAL PRADESH,Papum Pare,Sagalee,Rach - Tabio,27.245573,93.524147
3856,ARUNACHAL PRADESH,Papum Pare,Toru,52nd K.M. Camp,27.247364,93.677062
3857,ARUNACHAL PRADESH,Papum Pare,Sagalee,Sagalee,27.2491153,93.4965553
3858,ARUNACHAL PRADESH,Papum Pare,Sagalee,Yallang,27.251459,93.501915
3859,ARUNACHAL PRADESH,Papum Pare,Toru,47 K.M. Camp,27.251642,93.673935
3860,ARUNACHAL PRADESH,Papum Pare,Sagalee,Sangri,27.253117,93.588531
3861,ARUNACHAL PRADESH,Papum Pare,Toru,Pepso,27.253277,93.695473
3862,ARUNACHAL PRADESH,Papum Pare,Toru,Chilo,27.256028,93.657213
3863,ARUNACHAL PRADESH,Papum Pare,Toru,Ompoli - Hoj,27.260143,93.696003
3864,ARUNACHAL PRADESH,Papum Pare,Toru,Yayee I,27.261125,93.776946
3865,ARUNACHAL PRADESH,Papum Pare,Sagalee,Pang,27.262852,93.523613
3866,ARUNACHAL PRADESH,Papum Pare,Toru,Tamang,27.262947,93.667564
3867,ARUNACHAL PRADESH,Papum Pare,Toru,Dakte - Hoj,27.265751,93.784278
3868,ARUNACHAL PRADESH,Papum Pare,Toru,Mumtong,27.28808,93.682335
3869,ARUNACHAL PRADESH,Papum Pare,Sagalee,Apop -I,27.288464,93.527153
3870,ARUNACHAL PRADESH,Papum Pare,Toru,Khyunglo,27.29673,93.694237
3871,ARUNACHAL PRADESH,Papum Pare,Parang ,Tar,27.351501,93.561508
3873,ARUNACHAL PRADESH,Tawang,Bongkhar ,Bongleng,27.486786,91.73819
3874,ARUNACHAL PRADESH,Tawang,Bongkhar ,Kharung,27.495533,91.749054
3875,ARUNACHAL PRADESH,Tawang,DUDUNGHAR ,Buri,27.497765,91.664383
3876,ARUNACHAL PRADESH,Tawang,LUMLA ,Sazo,27.503756,91.713966
3877,ARUNACHAL PRADESH,Tawang,LUMLA ,Kungba,27.504288,91.703873
3878,ARUNACHAL PRADESH,Tawang,LUMLA ,Dugumba,27.50621,91.7180939
3879,ARUNACHAL PRADESH,Tawang,LUMLA ,Hoongla,27.508951,91.739921
3880,ARUNACHAL PRADESH,Tawang,DUDUNGHAR ,Maling,27.509701,91.673401
3881,ARUNACHAL PRADESH,Tawang,DUDUNGHAR ,Pamdung,27.511253,91.670273
3883,ARUNACHAL PRADESH,Tawang,DUDUNGHAR ,Dudunghar H.Q.,27.513828,91.672302
3884,ARUNACHAL PRADESH,Tawang,LUMLA ,New Lumla,27.514322,91.71954
3885,ARUNACHAL PRADESH,Tawang,Bongkhar ,Bomja,27.515249,91.838379
3886,ARUNACHAL PRADESH,Tawang,DUDUNGHAR ,Phomghar,27.515427,91.679695
3887,ARUNACHAL PRADESH,Tawang,DUDUNGHAR ,Khokem,27.516211,91.673889
3888,ARUNACHAL PRADESH,Tawang,DUDUNGHAR ,Dungser,27.516314,91.679428
3889,ARUNACHAL PRADESH,Tawang,MUKTO CIRCLE,Mukto Village,27.516548,91.9151
3890,ARUNACHAL PRADESH,Tawang,DUDUNGHAR ,Narmaleng,27.517097,91.678116
3891,ARUNACHAL PRADESH,Tawang,MUKTO CIRCLE,Khet,27.517223,91.868027
3892,ARUNACHAL PRADESH,Tawang,DUDUNGHAR ,Surbin,27.51754,91.672928
3893,ARUNACHAL PRADESH,Tawang,Jang,Nuranang RA - III,27.517803,92.054856
3894,ARUNACHAL PRADESH,Tawang,LUMLA ,Phomang,27.519695,91.700661
3895,ARUNACHAL PRADESH,Tawang,DUDUNGHAR ,Yuser,27.52038,91.665604
3896,ARUNACHAL PRADESH,Tawang,DUDUNGHAR ,Guntse,27.522694,91.654473
3897,ARUNACHAL PRADESH,Tawang,LUMLA ,Baghar,27.523315,91.697304
3898,ARUNACHAL PRADESH,Tawang,DUDUNGHAR ,Ramyang,27.524544,91.677834
3899,ARUNACHAL PRADESH,Tawang,MUKTO CIRCLE,Sherjong Mukto H.Q.,27.525429,91.921181
3900,ARUNACHAL PRADESH,Tawang,Jang,Yuthumbu,27.526102,92.043327
3901,ARUNACHAL PRADESH,Tawang,DUDUNGHAR ,Sanghar,27.529297,91.673447
3902,ARUNACHAL PRADESH,Tawang,TAWANG CIRCLE ,Gorman Gompa,27.529669,91.8413999
3903,ARUNACHAL PRADESH,Tawang,DUDUNGHAR ,Chellengdung,27.529772,91.68576
3904,ARUNACHAL PRADESH,Tawang,LUMLA ,Kharteng,27.5309973,91.6876948
3905,ARUNACHAL PRADESH,Tawang,Jang,Marmang,27.532965,92.029076
3906,ARUNACHAL PRADESH,Tawang,LUMLA ,Mangnam,27.533134,91.75042
3907,ARUNACHAL PRADESH,Tawang,TAWANG CIRCLE ,Gormang,27.53335,91.848694
3908,ARUNACHAL PRADESH,Tawang,TAWANG CIRCLE ,Saikhar,27.534431,91.8335649
3909,ARUNACHAL PRADESH,Tawang,TAWANG CIRCLE ,Nodo,27.534613,91.854202
3910,ARUNACHAL PRADESH,Tawang,TAWANG CIRCLE ,Gyada,27.534956,91.825249
3911,ARUNACHAL PRADESH,Tawang,TAWANG CIRCLE ,Yusum,27.535263,91.840591
3912,ARUNACHAL PRADESH,Tawang,MUKTO CIRCLE,Gyandong,27.53551,91.8769625
3913,ARUNACHAL PRADESH,Tawang,KITPI CIRCLE ,Lhargong,27.536264,91.896965
3914,ARUNACHAL PRADESH,Tawang,LUMLA ,Sakyur,27.536667,91.800415
3915,ARUNACHAL PRADESH,Tawang,TAWANG CIRCLE ,Surbi,27.536976,91.880318
3916,ARUNACHAL PRADESH,Tawang,TAWANG CIRCLE ,Shabur,27.537266,91.8237
3917,ARUNACHAL PRADESH,Tawang,LUMLA ,Thrillam,27.537472,91.771454
3918,ARUNACHAL PRADESH,Tawang,TAWANG CIRCLE ,Dumgree,27.538725,91.852341
3919,ARUNACHAL PRADESH,Tawang,DUDUNGHAR ,Loudung,27.540586,91.684746
3920,ARUNACHAL PRADESH,Tawang,TAWANG CIRCLE ,Tepsha,27.540794,91.882629
3921,ARUNACHAL PRADESH,Tawang,TAWANG CIRCLE ,Shyajing,27.541779,91.843712
3922,ARUNACHAL PRADESH,Tawang,LUMLA ,LUMLA ,27.541966,91.729149
3924,ARUNACHAL PRADESH,Tawang,Jang,Namazing,27.542755,91.980911
3925,ARUNACHAL PRADESH,Tawang,LUMLA ,Yabab,27.542921,91.697838
3926,ARUNACHAL PRADESH,Tawang,TAWANG CIRCLE ,Thongleng,27.543116,91.81826
3927,ARUNACHAL PRADESH,Tawang,KITPI CIRCLE ,Grenghar,27.543856,91.893303
3928,ARUNACHAL PRADESH,Tawang,Lhou ,Grelleng,27.54413,91.915375
3929,ARUNACHAL PRADESH,Tawang,TAWANG CIRCLE ,Sohung,27.544144,91.835098
3930,ARUNACHAL PRADESH,Tawang,TAWANG CIRCLE ,Paidhar,27.544155,91.881905
3931,ARUNACHAL PRADESH,Tawang,TAWANG CIRCLE ,Sakpret,27.5446,91.823257
3932,ARUNACHAL PRADESH,Tawang,TAWANG CIRCLE ,Bumteng,27.545118,91.845952
3933,ARUNACHAL PRADESH,Tawang,TAWANG CIRCLE ,Pempaleng,27.545221,91.854446
3934,ARUNACHAL PRADESH,Tawang,Jang,Kharsa(New),27.545702,91.991043
3935,ARUNACHAL PRADESH,Tawang,MUKTO CIRCLE,Mukto,27.5464538,91.9083973
3936,ARUNACHAL PRADESH,Tawang,TAWANG CIRCLE ,Maidung,27.547054,91.877052
3937,ARUNACHAL PRADESH,Tawang,KITPI CIRCLE ,Soma,27.547235,91.897682
3938,ARUNACHAL PRADESH,Tawang,LUMLA ,Kudung,27.548075,91.835754
3939,ARUNACHAL PRADESH,Tawang,Lhou ,Lhoudung,27.548618,91.909225
3940,ARUNACHAL PRADESH,Tawang,MUKTO CIRCLE,Gongkhar,27.5498835,91.898934
3941,ARUNACHAL PRADESH,Tawang,Jang,Kharsa(Old),27.550135,91.992561
3942,ARUNACHAL PRADESH,Tawang,TAWANG CIRCLE ,Gyanggit,27.552504,91.861321
3943,ARUNACHAL PRADESH,Tawang,Lhou ,Lhoukhar,27.55294,91.906357
3944,ARUNACHAL PRADESH,Tawang,TAWANG CIRCLE ,Changteng,27.553061,91.877663
3945,ARUNACHAL PRADESH,Tawang,TAWANG CIRCLE ,Lamrong,27.555626,91.838204
3946,ARUNACHAL PRADESH,Tawang,DUDUNGHAR ,Muktur,27.556873,91.677239
3947,ARUNACHAL PRADESH,Tawang,TAWANG CIRCLE ,Unghar,27.557238,91.856354
3948,ARUNACHAL PRADESH,Tawang,MUKTO CIRCLE,Gomkelleng,27.5573043,91.9459653
3949,ARUNACHAL PRADESH,Tawang,TAWANG CIRCLE ,Kangteng,27.557798,91.837791
3950,ARUNACHAL PRADESH,Tawang,TAWANG CIRCLE ,Blemleng,27.557808,91.849869
3951,ARUNACHAL PRADESH,Tawang,KITPI CIRCLE ,Kralling,27.557995,91.893906
3952,ARUNACHAL PRADESH,Tawang,TAWANG CIRCLE ,Kitkhar,27.558144,91.866722
3953,ARUNACHAL PRADESH,Tawang,KITPI CIRCLE ,Audung,27.558599,91.878036
3954,ARUNACHAL PRADESH,Tawang,TAWANG CIRCLE ,Gomkang,27.558735,91.821434
3955,ARUNACHAL PRADESH,Tawang,TAWANG CIRCLE ,Famla,27.559341,91.854912
3956,ARUNACHAL PRADESH,Tawang,TAWANG CIRCLE ,Darmong G,27.560176,91.891839
3957,ARUNACHAL PRADESH,Tawang,TAWANG CIRCLE ,Teli,27.560242,91.844772
3958,ARUNACHAL PRADESH,Tawang,TAWANG CIRCLE ,Prangteng,27.560732,91.889641
3960,ARUNACHAL PRADESH,Tawang,TAWANG CIRCLE ,Bomba,27.561445,91.858841
3961,ARUNACHAL PRADESH,Tawang,TAWANG CIRCLE ,Gyangkhar,27.56197,91.850525
3962,ARUNACHAL PRADESH,Tawang,Lhou ,Khamba,27.561977,91.897079
3963,ARUNACHAL PRADESH,Tawang,TAWANG CIRCLE ,Bigha,27.563288,91.824066
3964,ARUNACHAL PRADESH,Tawang,Lhou ,Lumkang,27.563475,91.914406
3965,ARUNACHAL PRADESH,Tawang,TAWANG CIRCLE ,Saikharteng,27.564139,91.859242
3966,ARUNACHAL PRADESH,Tawang,Lhou ,Kregyang,27.564318,91.9007419
3967,ARUNACHAL PRADESH,Tawang,MUKTO CIRCLE,Mirba,27.5645191,91.9545218
3968,ARUNACHAL PRADESH,Tawang,TAWANG CIRCLE ,Seru,27.564871,91.834099
3969,ARUNACHAL PRADESH,Tawang,KITPI CIRCLE ,Langateng,27.565039,91.882668
3970,ARUNACHAL PRADESH,Tawang,Lhou ,Tepsotmey,27.565672,91.891914
3971,ARUNACHAL PRADESH,Tawang,Lhou ,Brukpaleng,27.565712,91.899063
3972,ARUNACHAL PRADESH,Tawang,KITPI CIRCLE ,Shernup,27.565989,91.878609
3973,ARUNACHAL PRADESH,Tawang,Lhou ,Paigong,27.56625,91.898522
3974,ARUNACHAL PRADESH,Tawang,KITPI CIRCLE ,Khrimu,27.567036,91.891708
3975,ARUNACHAL PRADESH,Tawang,LUMLA ,Gispu,27.567244,91.698509
3976,ARUNACHAL PRADESH,Tawang,KITPI CIRCLE ,Beghar,27.567293,91.883568
3977,ARUNACHAL PRADESH,Tawang,Jang,Thongsheng,27.57155,91.907829
3978,ARUNACHAL PRADESH,Tawang,Lhou ,Khalengche,27.57316,91.914894
3979,ARUNACHAL PRADESH,Tawang,Lhou ,Dungkhar,27.574659,91.920433
3980,ARUNACHAL PRADESH,Tawang,TAWANG CIRCLE ,Changbu,27.575659,91.843399
3981,ARUNACHAL PRADESH,Tawang,Lhou ,Shyro,27.576334,91.955864
3982,ARUNACHAL PRADESH,Tawang,TAWANG CIRCLE ,Yubu,27.577633,91.861473
3983,ARUNACHAL PRADESH,Tawang,Bongkhar ,Bardung,27.5780678,91.8757422
4066,ARUNACHAL PRADESH,Tawang,TAWANG CIRCLE ,Damgyen,27.579142,91.82917
4067,ARUNACHAL PRADESH,Tawang,Jang,Jang,27.5795496,91.9808129
4068,ARUNACHAL PRADESH,Tawang,KITPI CIRCLE ,Bathung,27.579977,91.8750079
4069,ARUNACHAL PRADESH,Tawang,TAWANG CIRCLE ,Lebrang,27.580824,91.836479
4070,ARUNACHAL PRADESH,Tawang,TAWANG CIRCLE ,Urgelling,27.581205,91.844025
4071,ARUNACHAL PRADESH,Tawang,TAWANG CIRCLE ,Paikhar,27.581997,91.860611
4072,ARUNACHAL PRADESH,Tawang,KITPI CIRCLE ,Themkhar,27.582111,91.875725
4073,ARUNACHAL PRADESH,Tawang,TAWANG CIRCLE ,New Lebrang,27.582727,91.832421
4074,ARUNACHAL PRADESH,Tawang,TAWANG CIRCLE ,Dharmakang,27.583437,91.860557
4075,ARUNACHAL PRADESH,Tawang,TAWANG CIRCLE ,Sepling,27.584942,91.8827869
4076,ARUNACHAL PRADESH,Tawang,Lhou ,Rengyang,27.584957,91.916664
4077,ARUNACHAL PRADESH,Tawang,KITPI CIRCLE ,Kitpi,27.585121,91.867081
4079,ARUNACHAL PRADESH,Tawang,TAWANG CIRCLE ,Ponkang,27.585498,91.880328
4080,ARUNACHAL PRADESH,Tawang,TAWANG CIRCLE ,Bomdir Supply,27.586113,91.859001
4081,ARUNACHAL PRADESH,Tawang,Lhou ,Singsore Ani Gompa,27.587032,91.919388
4082,ARUNACHAL PRADESH,Tawang,KITPI CIRCLE ,Tarmang Gonpa,27.588873,91.877594
4083,ARUNACHAL PRADESH,Tawang,KITPI CIRCLE ,Bomdir Basti ,27.590496,91.870727
4084,ARUNACHAL PRADESH,Tawang,Lhou ,Brakhar Gompa,27.590837,91.918327
4085,ARUNACHAL PRADESH,Tawang,Zemithang,Shakti,27.591698,91.731209
4086,ARUNACHAL PRADESH,Tawang,Zemithang,Thikshi,27.592094,91.705681
4087,ARUNACHAL PRADESH,Tawang,KITPI CIRCLE ,Namet,27.593964,91.8664019
4088,ARUNACHAL PRADESH,Tawang,TAWANG CIRCLE ,Timelo,27.594185,91.826645
4089,ARUNACHAL PRADESH,Tawang,Thingbu,Sarong,27.594318,91.973881
4090,ARUNACHAL PRADESH,Tawang,Thingbu,Luguthang,27.5944633,92.1852501
4091,ARUNACHAL PRADESH,Tawang,Lhou ,Jobrang,27.595627,91.917374
4092,ARUNACHAL PRADESH,Tawang,Lhou ,Jangda,27.5972186,91.9759204
4093,ARUNACHAL PRADESH,Tawang,TAWANG CIRCLE ,Shyo,27.598228,91.819198
4094,ARUNACHAL PRADESH,Tawang,Lhou ,Menteng,27.598507,91.91407
4095,ARUNACHAL PRADESH,Tawang,Lhou ,Gemreteng,27.599533,91.907753
4097,ARUNACHAL PRADESH,Tawang,Zemithang,T.Gonpa,27.603514,91.802002
4098,ARUNACHAL PRADESH,Tawang,Zemithang,Khobleteng,27.603687,91.697761
4099,ARUNACHAL PRADESH,Tawang,Lhou ,Yanla Gompa,27.605026,91.905304
4101,ARUNACHAL PRADESH,Tawang,TAWANG CIRCLE ,Labour Camp,27.608192,91.799545
4102,ARUNACHAL PRADESH,Tawang,Lhou ,Shakpaleng,27.611292,91.900047
4103,ARUNACHAL PRADESH,Tawang,TAWANG CIRCLE ,Gyangong Ani Gompa,27.612139,91.818405
4104,ARUNACHAL PRADESH,Tawang,Lhou ,Lugudung,27.613888,91.885506
4105,ARUNACHAL PRADESH,Tawang,Thingbu,Rho,27.6149789,91.9902938
4106,ARUNACHAL PRADESH,Tawang,Lhou ,Surbu/Tseretse,27.6189,91.877121
4107,ARUNACHAL PRADESH,Tawang,TAWANG CIRCLE ,Bramadungchung,27.619368,91.834084
4108,ARUNACHAL PRADESH,Tawang,Thingbu,Broxer,27.61972,92.050186
4109,ARUNACHAL PRADESH,Tawang,Thingbu,Thingbu H.Q.,27.636742,92.107803
4110,ARUNACHAL PRADESH,Tawang,Zemithang,Dung,27.637691,91.719406
4111,ARUNACHAL PRADESH,Tawang,Thingbu,Thingbu,27.6606508,92.1002354
4112,ARUNACHAL PRADESH,Tawang,Zemithang,Kelengteng,27.665335,91.730728
4113,ARUNACHAL PRADESH,Tawang,Thingbu,Mago,27.6883155,92.2070667
4114,ARUNACHAL PRADESH,Tawang,Zemithang,Kharman,27.68919,91.740448
4115,ARUNACHAL PRADESH,Tawang,Zemithang,Lumpo,27.704195,91.731339
4117,ARUNACHAL PRADESH,Tawang,Zemithang,Zemithang,27.7097349,91.7289422
4118,ARUNACHAL PRADESH,Tawang,Zemithang,Zemithang H.Q.,27.717579,91.746674
4119,ARUNACHAL PRADESH,Tawang,Zemithang,Shoktsen,27.7317279,91.7135902
4120,ARUNACHAL PRADESH,Tawang,Zemithang,Gorsam,27.735334,91.746544
4121,ARUNACHAL PRADESH,Tirap,Khonsa,Thinsa,26.931341,95.534508
4122,ARUNACHAL PRADESH,Tirap,Khonsa,Longbo,26.949205,95.583122
4123,ARUNACHAL PRADESH,Tirap,Dadam,Hukan,26.9492674,95.4757764
4124,ARUNACHAL PRADESH,Tirap,Khonsa,Kheti,26.95918,95.5100521
4125,ARUNACHAL PRADESH,Tirap,Khonsa,Old Bunting,26.9900883,95.5420992
4126,ARUNACHAL PRADESH,Tirap,Khonsa,Lapnan,26.9907198,95.4827449
4127,ARUNACHAL PRADESH,Tirap,Khonsa,Khonsa,26.9928749,95.501379
4130,ARUNACHAL PRADESH,Tirap,Khonsa,Charju Project,26.994041,95.561775
4131,ARUNACHAL PRADESH,Tirap,Dadam,Bera,26.9942703,95.5407299
4304,ARUNACHAL PRADESH,Tirap,Khonsa,Jadthung,26.995935,95.587295
4305,ARUNACHAL PRADESH,Tirap,Khonsa,New Bunting,26.9996709,95.541139
4306,ARUNACHAL PRADESH,Tirap,Khonsa,Luthong,27.0054566,95.4710447
4307,ARUNACHAL PRADESH,Tirap,Khonsa,Lowangdong T.E.,27.005728,95.493111
4308,ARUNACHAL PRADESH,Tirap,Khonsa,Lamsa,27.009684,95.61689
4309,ARUNACHAL PRADESH,Tirap,Khonsa,Lowangchu T.E.,27.01141,95.490189
4310,ARUNACHAL PRADESH,Tirap,Khonsa,Khela,27.0145543,95.5369542
4311,ARUNACHAL PRADESH,Tirap,Khonsa,New Katang,27.028913,95.6375429
4312,ARUNACHAL PRADESH,Tirap,Khonsa,Old Katang,27.034204,95.644989
4313,ARUNACHAL PRADESH,Tirap,Khonsa,Wathin,27.034439,95.595474
4314,ARUNACHAL PRADESH,Tirap,Khonsa,Kaimai,27.0372937,95.4962915
4315,ARUNACHAL PRADESH,Tirap,Khonsa,Laptang,27.037945,95.502686
4316,ARUNACHAL PRADESH,Tirap,Khonsa,New Lainwang,27.05131,95.645325
4317,ARUNACHAL PRADESH,Tirap,Namsang,Wasathong,27.056875,95.547912
4318,ARUNACHAL PRADESH,Tirap,Khonsa,Old Lainwang,27.05735,95.6450799
4319,ARUNACHAL PRADESH,Tirap,Namsang,Natun Kheti,27.057947,95.593803
4320,ARUNACHAL PRADESH,Tirap,Namsang,Lamlo,27.076811,95.598366
4321,ARUNACHAL PRADESH,Tirap,Namsang,Sipini Pather,27.077354,95.502754
4322,ARUNACHAL PRADESH,Tirap,Namsang,Longkhong,27.080286,95.529205
4323,ARUNACHAL PRADESH,Upper Siang,Tuting,Tenggo,27.735943,94.396843
4324,ARUNACHAL PRADESH,Upper Siang,Katan ,Pongging,28.182539,95.192482
4325,ARUNACHAL PRADESH,Upper Siang,Katan ,Padu Abong,28.196579,95.170036
4326,ARUNACHAL PRADESH,Upper Siang,Katan ,Padu Tangkum,28.219717,95.160622
4327,ARUNACHAL PRADESH,Upper Siang,Katan ,Jeru,28.24962,95.18737
4329,ARUNACHAL PRADESH,Upper Siang,Katan ,Katan ,28.274649,95.125511
4331,ARUNACHAL PRADESH,Upper Siang,Katan ,Sibum,28.307386,95.135277
4332,ARUNACHAL PRADESH,Upper Siang,Geku,Sumsing,28.355213,95.096016
4333,ARUNACHAL PRADESH,Upper Siang,Mopom ( Adipasi ),Adipasi-Sibuk,28.3631327,95.2645259
4334,ARUNACHAL PRADESH,Upper Siang,Geku,Kumku,28.374561,95.096527
4335,ARUNACHAL PRADESH,Upper Siang,Mopom ( Adipasi ),Adipasi-Bine ,28.3752367,95.2717088
4336,ARUNACHAL PRADESH,Upper Siang,Mopom ( Adipasi ),Adipasi-Sikko,28.3825191,95.2717088
4337,ARUNACHAL PRADESH,Upper Siang,Mariyang,Damro-Kumku,28.384789,95.232063
4338,ARUNACHAL PRADESH,Upper Siang,Geku,Boom,28.391193,95.096405
4339,ARUNACHAL PRADESH,Upper Siang,Geku,Geku,28.403986,95.067764
4341,ARUNACHAL PRADESH,Upper Siang,Geku,Peram,28.404545,95.096527
4342,ARUNACHAL PRADESH,Upper Siang,Geku,Ramku,28.4236945,95.0885024
4343,ARUNACHAL PRADESH,Upper Siang,Mariyang,Damro-Gidum,28.439581,95.222038
4344,ARUNACHAL PRADESH,Upper Siang,Geku,Jommo-Kupak,28.443129,95.0989759
4345,ARUNACHAL PRADESH,Upper Siang,Mariyang,Damro-Gingkong,28.4485014,95.2410247
4346,ARUNACHAL PRADESH,Upper Siang,Geku,Silli Hydel Camp,28.454323,95.082497
4348,ARUNACHAL PRADESH,Upper Siang,Mariyang,Damro-Boga-Lasing,28.456324,95.256012
4349,ARUNACHAL PRADESH,Upper Siang,Geku,Delek,28.458063,95.103088
4350,ARUNACHAL PRADESH,Upper Siang,Mariyang,Bomi,28.464458,95.2470699
4351,ARUNACHAL PRADESH,Upper Siang,Mariyang,Millang Lonpong,28.468946,95.230789
4352,ARUNACHAL PRADESH,Upper Siang,Geku,Sikadine,28.469265,95.1054
4353,ARUNACHAL PRADESH,Upper Siang,Mariyang,Milang Karket,28.479607,95.252815
4354,ARUNACHAL PRADESH,Upper Siang,Mariyang,Mariyang,28.480976,95.18293
4356,ARUNACHAL PRADESH,Upper Siang,Mariyang,New Millang,28.4886584,95.2188379
4357,ARUNACHAL PRADESH,Upper Siang,Mariyang,Lagru Camp,28.508919,95.161133
4358,ARUNACHAL PRADESH,Upper Siang,Mariyang,Hydel Camp,28.517479,95.192154
4359,ARUNACHAL PRADESH,Upper Siang,Mariyang,Dalbing Gidum,28.527016,95.21035
4360,ARUNACHAL PRADESH,Upper Siang,Mariyang,Dalbing Bellang,28.531145,95.163056
4361,ARUNACHAL PRADESH,Upper Siang,Mariyang,Kolung,28.550301,95.178108
4362,ARUNACHAL PRADESH,Upper Siang,Mariyang,Siyat Camp,28.553667,95.226952
4364,ARUNACHAL PRADESH,Upper Siang,Yingkiong,Gobuk,28.561848,95.104637
4365,ARUNACHAL PRADESH,Upper Siang,Mariyang,Peki-Modi,28.564333,95.243256
4366,ARUNACHAL PRADESH,Upper Siang,Jengging,Jengging,28.576031,95.004318
4368,ARUNACHAL PRADESH,Upper Siang,Jengging,Jengging Vill.,28.586712,95.0064639
4369,ARUNACHAL PRADESH,Upper Siang,Yingkiong,15 K.M. L/Camp,28.586802,95.025749
4370,ARUNACHAL PRADESH,Upper Siang,Jengging,Tageng,28.588051,95.000099
4371,ARUNACHAL PRADESH,Upper Siang,Yingkiong,11 K.M. L/Camp,28.591097,95.017639
4372,ARUNACHAL PRADESH,Upper Siang,Jengging,Karko,28.593559,94.996162
4373,ARUNACHAL PRADESH,Upper Siang,Jengging,Moying,28.602566,94.988213
4374,ARUNACHAL PRADESH,Upper Siang,Yingkiong,Simong,28.6033665,95.0715808
4375,ARUNACHAL PRADESH,Upper Siang,Jengging,Gossang,28.611017,94.983208
4376,ARUNACHAL PRADESH,Upper Siang,Yingkiong,Halleng,28.6113,95.005981
4377,ARUNACHAL PRADESH,Upper Siang,Yingkiong,Yingkiong,28.6235847,95.0364522
4379,ARUNACHAL PRADESH,Upper Siang,Jengging,Kinekibo,28.647916,94.981025
4380,ARUNACHAL PRADESH,Upper Siang,Jengging,Tayeng,28.656787,94.943645
4381,ARUNACHAL PRADESH,Upper Siang,Yingkiong,Gette,28.6849305,95.0097951
4382,ARUNACHAL PRADESH,Upper Siang,Yingkiong,Pugging,28.72081,94.9143519
4383,ARUNACHAL PRADESH,Upper Siang,Jengging,Pittung,28.733995,94.853714
4384,ARUNACHAL PRADESH,Upper Siang,Jengging,Bomdo,28.7530321,94.8968061
4385,ARUNACHAL PRADESH,Upper Siang,Geku,Komkar (Buksang),28.7588781,95.2266675
4405,ARUNACHAL PRADESH,Upper Siang,Migging,Mossing,28.776482,94.760147
4406,ARUNACHAL PRADESH,Upper Siang,Migging,Pango,28.783154,94.757828
4407,ARUNACHAL PRADESH,Upper Siang,Jengging,Janbo,28.7961887,94.8588699
4408,ARUNACHAL PRADESH,Upper Siang,Singa,Angachi,28.799358,95.143616
4409,ARUNACHAL PRADESH,Upper Siang,Singa,Simuling,28.800129,95.200546
4410,ARUNACHAL PRADESH,Upper Siang,Singa,Singa,28.80093,95.161652
4412,ARUNACHAL PRADESH,Upper Siang,Singa,Singa Old,28.806595,95.142067
4413,ARUNACHAL PRADESH,Upper Siang,Singa,Silage,28.807695,95.126633
4414,ARUNACHAL PRADESH,Upper Siang,Palling,Palling H.Q.,28.808537,94.781273
4416,ARUNACHAL PRADESH,Upper Siang,Singa,Abapa,28.816131,95.122073
4417,ARUNACHAL PRADESH,Upper Siang,Singa,Silipu,28.819983,95.106476
4418,ARUNACHAL PRADESH,Upper Siang,Migging,Migging,28.821049,94.747208
4420,ARUNACHAL PRADESH,Upper Siang,Palling,Likor,28.8250471,94.8948601
4421,ARUNACHAL PRADESH,Upper Siang,Palling,Palling,28.8361171,94.8086616
4422,ARUNACHAL PRADESH,Upper Siang,Singa,Tashi Gaon,28.845068,95.073105
4423,ARUNACHAL PRADESH,Upper Siang,Singa,Deokota,28.848961,95.050972
4424,ARUNACHAL PRADESH,Upper Siang,Singa,Mankota,28.85708,95.050865
4425,ARUNACHAL PRADESH,Upper Siang,Singa,Yorteng,28.862612,95.041603
4426,ARUNACHAL PRADESH,Upper Siang,Singa,Payendum,28.880581,95.000488
4427,ARUNACHAL PRADESH,Upper Siang,Singa,Nyokong,28.886278,95.001579
4428,ARUNACHAL PRADESH,Upper Siang,Palling,Singing,28.8980234,94.7840464
4429,ARUNACHAL PRADESH,Upper Siang,Tuting,Nyering,28.905533,94.983276
4430,ARUNACHAL PRADESH,Upper Siang,Palling,Amging,28.9173509,94.8225792
4431,ARUNACHAL PRADESH,Upper Siang,Tuting,Pekong,28.932581,94.846687
4433,ARUNACHAL PRADESH,Upper Siang,Tuting,Jido,28.932879,94.823509
4434,ARUNACHAL PRADESH,Upper Siang,Tuting,Ngaming,28.936773,94.913986
4435,ARUNACHAL PRADESH,Upper Siang,Tuting,Ningging,28.954362,94.8332695
4436,ARUNACHAL PRADESH,Upper Siang,Tuting,Kuging,28.9562558,94.9906229
4437,ARUNACHAL PRADESH,Upper Siang,Tuting,Tuting H.Q.,28.958393,94.849808
4438,ARUNACHAL PRADESH,Upper Siang,Tuting,Tuting,28.9930167,94.8949316
4440,ARUNACHAL PRADESH,Upper Siang,Gelling,Kopu,29.017746,94.890198
4441,ARUNACHAL PRADESH,Upper Siang,Gelling,Gelling H.Q.,29.088879,94.96347
4442,ARUNACHAL PRADESH,Upper Siang,Gelling,Mayum,29.0934136,94.9604155
4443,ARUNACHAL PRADESH,Upper Siang,Gelling,Bona,29.1014232,94.9497007
4444,ARUNACHAL PRADESH,Upper Siang,Gelling,Bishing,29.1098071,95.0266981
4445,ARUNACHAL PRADESH,Upper Siang,Gelling,Norbudling,29.1277413,94.9734059
4446,ARUNACHAL PRADESH,Upper Siang,Gelling,Gelling,29.1369505,94.9792526
4447,ARUNACHAL PRADESH,Upper Subansiri,Baririjo ,Bajor Repe,27.786802,94.3359635
5003,ARUNACHAL PRADESH,Upper Subansiri,Baririjo ,Laigi,27.818314,94.368347
5004,ARUNACHAL PRADESH,Upper Subansiri,Baririjo ,Lebri,27.825388,94.389587
5005,ARUNACHAL PRADESH,Upper Subansiri,Baririjo ,Lokbak Gongo,27.843859,94.3564449
5006,ARUNACHAL PRADESH,Upper Subansiri,Puchi Geko ,Dakpe,27.85108,94.296303
5007,ARUNACHAL PRADESH,Upper Subansiri,Puchi Geko ,Balekmuri,27.861889,94.279465
5008,ARUNACHAL PRADESH,Upper Subansiri,Puchi Geko ,Nguri,27.868429,94.306831
5009,ARUNACHAL PRADESH,Upper Subansiri,Baririjo ,Dipu Gongo,27.871357,94.349091
5011,ARUNACHAL PRADESH,Upper Subansiri,Puchi Geko ,Lipu,27.879425,94.303505
5012,ARUNACHAL PRADESH,Upper Subansiri,Puchi Geko ,Bodak,28.154457,95.278763
5013,ARUNACHAL PRADESH,Upper Subansiri,Taliha ,Rigia,28.4341086,95.0427494
5014,ARUNACHAL PRADESH,Upper Subansiri,Taliha ,Ramsing,28.633743,94.9569549
5015,ARUNACHAL PRADESH,Upper Subansiri,Taliha ,Haning,29.1070262,94.9549138
5016,ARUNACHAL PRADESH,West Kameng,Balemu ,Sikaridanga F/Camp,26.897543,92.134094
5017,ARUNACHAL PRADESH,West Kameng,Shergaon ,New Betali,26.90568,92.20623
5018,ARUNACHAL PRADESH,West Kameng,Shergaon ,Rowta,26.911587,92.234978
5019,ARUNACHAL PRADESH,West Kameng,Balemu ,1700 Chain PWD Camp,26.925732,92.1226499
5020,ARUNACHAL PRADESH,West Kameng,Balemu ,Amartala PWD Camp,26.931831,92.138977
5022,ARUNACHAL PRADESH,West Kameng,Shergaon ,Betali,26.933101,92.2061949
5023,ARUNACHAL PRADESH,West Kameng,Balemu ,1300 Chain PWD Camp,26.942183,92.135109
5024,ARUNACHAL PRADESH,West Kameng,Kamengbari-Doimara,Foot Hills,26.945324,92.36853
5026,ARUNACHAL PRADESH,West Kameng,Shergaon ,Demachang,26.946724,92.214148
5027,ARUNACHAL PRADESH,West Kameng,Kamengbari-Doimara,Kamengbari,26.949972,92.396835
5028,ARUNACHAL PRADESH,West Kameng,Balemu ,Yollongripam,26.960093,92.1526109
5030,ARUNACHAL PRADESH,West Kameng,Kamengbari-Doimara,Kamengbari-Doimara,26.973541,92.405861
5031,ARUNACHAL PRADESH,West Kameng,Bhalukpong,Deputa,26.979011,92.577059
5032,ARUNACHAL PRADESH,West Kameng,Bhalukpong,Model Village,26.986837,92.599663
5033,ARUNACHAL PRADESH,West Kameng,Kalaktang ,900 Chain PWD Labour Camp,26.987877,92.145988
5034,ARUNACHAL PRADESH,West Kameng,Bhalukpong,Lower Bhalukpong,26.995798,92.627151
5035,ARUNACHAL PRADESH,West Kameng,Bhalukpong,Upper Bhalukpong HQ,27.003021,92.623489
5036,ARUNACHAL PRADESH,West Kameng,Kalaktang ,700 Chain PWD Labour Camp,27.003517,92.141625
5037,ARUNACHAL PRADESH,West Kameng,Bhalukpong,Bhalukpong,27.0105311,92.6462262
5038,ARUNACHAL PRADESH,West Kameng,Kalaktang ,Rongthangjurpam,27.011761,92.1074749
5039,ARUNACHAL PRADESH,West Kameng,Kalaktang ,Boha,27.018021,92.165031
5040,ARUNACHAL PRADESH,West Kameng,Kalaktang ,Ankalin Village,27.024551,92.143799
5041,ARUNACHAL PRADESH,West Kameng,Kalaktang ,Ankalin PWD/RWD Labour Camp,27.027311,92.139931
5042,ARUNACHAL PRADESH,West Kameng,Bhalukpong,Tippi,27.0273735,92.6102446
5043,ARUNACHAL PRADESH,West Kameng,Kalaktang ,Betchilling,27.040911,92.150726
5044,ARUNACHAL PRADESH,West Kameng,Kalaktang ,Weizer,27.05188,92.13105
5045,ARUNACHAL PRADESH,West Kameng,Kalaktang ,Lungdur,27.056875,92.144653
5046,ARUNACHAL PRADESH,West Kameng,Kalaktang ,Dengzi(including lower Dengzi),27.056921,92.126343
5047,ARUNACHAL PRADESH,West Kameng,Kalaktang ,Liphakpu (including lower Liphakpu),27.065678,92.111519
5048,ARUNACHAL PRADESH,West Kameng,Bhalukpong,Elephant Flat,27.074223,92.588921
5049,ARUNACHAL PRADESH,West Kameng,Kalaktang ,Brokpalangchen,27.076221,92.099602
5050,ARUNACHAL PRADESH,West Kameng,Bhalukpong,Sessa,27.079458,92.529388
5051,ARUNACHAL PRADESH,West Kameng,Kalaktang ,Kamallangchen,27.08279,92.208443
5052,ARUNACHAL PRADESH,West Kameng,Kalaktang ,Samphung,27.08857,92.122429
5053,ARUNACHAL PRADESH,West Kameng,Kalaktang ,Chingi,27.09124,92.110847
5054,ARUNACHAL PRADESH,West Kameng,Singchung ,Chaku,27.09203,92.438888
5055,ARUNACHAL PRADESH,West Kameng,Kalaktang ,Kalaktang Village,27.092279,92.13311
5056,ARUNACHAL PRADESH,West Kameng,Kalaktang ,Kalaktang ,27.096537,92.1259
5058,ARUNACHAL PRADESH,West Kameng,Kalaktang ,Samteng,27.102449,92.11425
5060,ARUNACHAL PRADESH,West Kameng,Shergaon ,Shergaon ,27.104866,92.272133
5061,ARUNACHAL PRADESH,West Kameng,Kalaktang ,Warrangpam,27.10544,92.083702
5062,ARUNACHAL PRADESH,West Kameng,Shergaon ,Tenzingaon,27.109577,92.258247
5063,ARUNACHAL PRADESH,West Kameng,Singchung ,Ramalingpam,27.122766,92.46991
5064,ARUNACHAL PRADESH,West Kameng,Rupa ,Jungpam,27.126659,92.4159619
5065,ARUNACHAL PRADESH,West Kameng,Kalaktang ,Sumdrung,27.130426,92.068169
5066,ARUNACHAL PRADESH,West Kameng,Shergaon ,Mushaksing,27.150124,92.33052
5067,ARUNACHAL PRADESH,West Kameng,Jamiri ,Nechiphu,27.150265,92.609398
5068,ARUNACHAL PRADESH,West Kameng,Kalaktang ,Sanglem,27.161993,92.2060769
5069,ARUNACHAL PRADESH,West Kameng,Rupa ,Brokpublang,27.163342,92.424103
5070,ARUNACHAL PRADESH,West Kameng,Kalaktang ,Morshing,27.164997,92.216728
5071,ARUNACHAL PRADESH,West Kameng,Kalaktang ,Domkho,27.165403,92.230484
5072,ARUNACHAL PRADESH,West Kameng,Rupa ,Thungri,27.1656966,92.3943223
5073,ARUNACHAL PRADESH,West Kameng,Kalaktang ,Lazala Gompa,27.166262,92.197327
5074,ARUNACHAL PRADESH,West Kameng,Shergaon ,Jigaon,27.167717,92.337318
5075,ARUNACHAL PRADESH,West Kameng,Jamiri ,Kimi Village,27.17267,92.699516
5076,ARUNACHAL PRADESH,West Kameng,Rupa ,Lumbaktang,27.17507,92.354668
5077,ARUNACHAL PRADESH,West Kameng,Jamiri ,Jamiri Point,27.176231,92.591781
5078,ARUNACHAL PRADESH,West Kameng,Jamiri ,Khupi Forest Office Complex,27.178417,92.67408
5079,ARUNACHAL PRADESH,West Kameng,Singchung ,Lama Gompa,27.179937,92.49466
5080,ARUNACHAL PRADESH,West Kameng,Jamiri ,Dedza,27.180155,92.575424
5081,ARUNACHAL PRADESH,West Kameng,Jamiri ,Jamiri ,27.183481,92.599457
5083,ARUNACHAL PRADESH,West Kameng,Rupa ,Membachur,27.18614,92.304199
5084,ARUNACHAL PRADESH,West Kameng,Singchung ,Dahung River Side-II,27.187534,92.500969
5085,ARUNACHAL PRADESH,West Kameng,Rupa ,Chillipam,27.1878845,92.3856817
5086,ARUNACHAL PRADESH,West Kameng,Singchung ,Dahung River Side-I,27.189692,92.492363
5087,ARUNACHAL PRADESH,West Kameng,Jamiri ,Jamiri Village,27.19195,92.599182
5088,ARUNACHAL PRADESH,West Kameng,Rupa ,Mukuthing,27.192459,92.323021
5089,ARUNACHAL PRADESH,West Kameng,Singchung ,Tenga Village,27.194416,92.439064
5090,ARUNACHAL PRADESH,West Kameng,Singchung ,Singchung ,27.1951875,92.4733971
5091,ARUNACHAL PRADESH,West Kameng,Singchung ,Tenga Valley,27.1953855,92.4623214
5092,ARUNACHAL PRADESH,West Kameng,Singchung ,Nag Mandir,27.195847,92.494247
5093,ARUNACHAL PRADESH,West Kameng,Dirang ,Bamrok Village,27.197357,92.2696069
5094,ARUNACHAL PRADESH,West Kameng,Rupa ,Dikshipam,27.200865,92.340042
5095,ARUNACHAL PRADESH,West Kameng,Rupa ,Rupa ,27.2030919,92.3986432
5096,ARUNACHAL PRADESH,West Kameng,Singchung ,New Kaspi,27.204061,92.549408
5097,ARUNACHAL PRADESH,West Kameng,Singchung ,14 BRTF Labour Camp,27.204525,92.484268
5098,ARUNACHAL PRADESH,West Kameng,Dirang ,Khellong,27.207153,92.272751
5102,ARUNACHAL PRADESH,West Kameng,Jamiri ,Khupi Model Village,27.208633,92.674004
5103,ARUNACHAL PRADESH,West Kameng,Singchung ,Tenga Market,27.2115217,92.4487422
5104,ARUNACHAL PRADESH,West Kameng,Singchung ,Dahung ,27.212374,92.505966
5105,ARUNACHAL PRADESH,West Kameng,Singchung ,Dikhiyang,27.2137637,92.465935
5106,ARUNACHAL PRADESH,West Kameng,Jamiri ,Hussigaon,27.214804,92.633011
5107,ARUNACHAL PRADESH,West Kameng,Rupa ,Dukumpani,27.223545,92.417618
5108,ARUNACHAL PRADESH,West Kameng,Singchung ,Wanghoo,27.229111,92.436714
5109,ARUNACHAL PRADESH,West Kameng,Jamiri ,Gohainthan,27.23221,92.669945
5110,ARUNACHAL PRADESH,West Kameng,Dirang ,Mandalaphudung,27.23288,92.248871
5111,ARUNACHAL PRADESH,West Kameng,Bomdila,Sera Village,27.239117,92.437485
5112,ARUNACHAL PRADESH,West Kameng,Jamiri ,Buragaon,27.248001,92.685699
5113,ARUNACHAL PRADESH,West Kameng,Jamiri ,Maraka,27.253305,92.64534
5114,ARUNACHAL PRADESH,West Kameng,Singchung ,Ditching,27.258965,92.654945
5115,ARUNACHAL PRADESH,West Kameng,Thrizino ,Ramdagania,27.260227,92.739281
5116,ARUNACHAL PRADESH,West Kameng,Singchung ,Lichini,27.264318,92.626389
5117,ARUNACHAL PRADESH,West Kameng,Bomdila,Bomdila,27.2644943,92.4159308
5119,ARUNACHAL PRADESH,West Kameng,Singchung ,Namfri,27.269449,92.546341
5120,ARUNACHAL PRADESH,West Kameng,Singchung ,Chittu,27.269482,92.602615
5121,ARUNACHAL PRADESH,West Kameng,Singchung ,Bichom,27.269949,92.574219
5122,ARUNACHAL PRADESH,West Kameng,Singchung ,Ramu,27.270416,92.588944
5123,ARUNACHAL PRADESH,West Kameng,Singchung ,Mago Pam,27.280687,92.540779
5124,ARUNACHAL PRADESH,West Kameng,Singchung ,Sachida,27.283333,92.566667
5125,ARUNACHAL PRADESH,West Kameng,Thrizino ,Palizi,27.284828,92.79567
5126,ARUNACHAL PRADESH,West Kameng,Thrizino ,Sube,27.2930582,92.7765973
5127,ARUNACHAL PRADESH,West Kameng,Thrizino ,Baliphoo,27.293097,92.799812
5128,ARUNACHAL PRADESH,West Kameng,Thrizino ,Palatari,27.2980126,92.7448719
5129,ARUNACHAL PRADESH,West Kameng,Thrizino ,Kamsiri,27.298477,92.688484
5130,ARUNACHAL PRADESH,West Kameng,Thrizino ,Tania,27.3007524,92.7725563
5131,ARUNACHAL PRADESH,West Kameng,Thrizino ,Thessa,27.301214,92.696487
5132,ARUNACHAL PRADESH,West Kameng,Thrizino ,Karangania,27.3058153,92.722181
5133,ARUNACHAL PRADESH,West Kameng,Dirang ,Rahung,27.3103805,92.3949395
5134,ARUNACHAL PRADESH,West Kameng,Thrizino ,Tuluhi,27.3121604,92.7679063
5135,ARUNACHAL PRADESH,West Kameng,Thrizino ,Dizangania,27.312983,92.780334
5136,ARUNACHAL PRADESH,West Kameng,Thrizino ,Kaya Valley Village,27.313177,92.806671
5137,ARUNACHAL PRADESH,West Kameng,Thrizino ,Yayung,27.317686,92.715225
5138,ARUNACHAL PRADESH,West Kameng,Dirang ,Yangdarko Village,27.318481,92.302704
5139,ARUNACHAL PRADESH,West Kameng,Dirang ,Darbu,27.320293,92.358543
5140,ARUNACHAL PRADESH,West Kameng,Dirang ,Salari,27.3205769,92.454345
5141,ARUNACHAL PRADESH,West Kameng,Thrizino ,Kararamu,27.3209046,92.7425249
5142,ARUNACHAL PRADESH,West Kameng,Dirang ,Khorung Village,27.324018,92.306572
5143,ARUNACHAL PRADESH,West Kameng,Dirang ,Dangsing Village,27.324972,92.3580549
5144,ARUNACHAL PRADESH,West Kameng,Dirang ,Khoitam,27.3272356,92.4394029
5145,ARUNACHAL PRADESH,West Kameng,Dirang ,Sagar Village,27.327759,92.3101049
5146,ARUNACHAL PRADESH,West Kameng,Dirang ,Munna Camp,27.328249,92.320679
5147,ARUNACHAL PRADESH,West Kameng,Thrizino ,Pharizin,27.3303913,92.7435137
5148,ARUNACHAL PRADESH,West Kameng,Dirang ,Tsokphuisa Village,27.331026,92.311935
5149,ARUNACHAL PRADESH,West Kameng,Dirang ,Rangshing Village,27.334181,92.293991
5150,ARUNACHAL PRADESH,West Kameng,Dirang ,Zimthung Village,27.335159,92.306572
5151,ARUNACHAL PRADESH,West Kameng,Dirang ,Moising Village,27.335581,92.317383
5152,ARUNACHAL PRADESH,West Kameng,Thembang ,Thembang ,27.335598,92.407936
5154,ARUNACHAL PRADESH,West Kameng,Dirang ,Broksarthang,27.336754,92.208176
5155,ARUNACHAL PRADESH,West Kameng,Thrizino ,Thrizino ,27.3382336,92.7614161
5157,ARUNACHAL PRADESH,West Kameng,Dirang ,Namthung,27.33839,92.305878
5158,ARUNACHAL PRADESH,West Kameng,Dirang ,Phadam Village,27.33991,92.292076
5159,ARUNACHAL PRADESH,West Kameng,Dirang ,Khagoksa Village,27.340487,92.309959
5160,ARUNACHAL PRADESH,West Kameng,Nafra ,Jerigaon,27.340668,92.486595
5161,ARUNACHAL PRADESH,West Kameng,Balemu ,1100 Chain PWD camp,27.3427633,92.302446
5238,ARUNACHAL PRADESH,West Kameng,Thembang ,Lachong,27.342785,92.403778
5239,ARUNACHAL PRADESH,West Kameng,Dirang ,Namsalo Village,27.343224,92.285225
5240,ARUNACHAL PRADESH,West Kameng,Dirang ,Sanglan Village,27.343639,92.265862
5241,ARUNACHAL PRADESH,West Kameng,Thrizino ,Giziri,27.3438895,92.7483653
5242,ARUNACHAL PRADESH,West Kameng,Dirang ,Ngairibaksa,27.344927,92.283913
5243,ARUNACHAL PRADESH,West Kameng,Thrizino ,Sakrin,27.3460128,92.7404895
5244,ARUNACHAL PRADESH,West Kameng,Dirang ,Nabdi Village,27.346573,92.2811739
5245,ARUNACHAL PRADESH,West Kameng,Dirang ,Yewang,27.346796,92.262764
5246,ARUNACHAL PRADESH,West Kameng,Thembang ,Cherrong,27.347038,92.3768769
5247,ARUNACHAL PRADESH,West Kameng,Dirang ,Barchipam,27.347389,92.282364
5248,ARUNACHAL PRADESH,West Kameng,Dirang ,Chaksem Village,27.347914,92.2771379
5249,ARUNACHAL PRADESH,West Kameng,Dirang ,Attapai Village,27.348423,92.281319
5250,ARUNACHAL PRADESH,West Kameng,Dirang ,Showda Village,27.349403,92.281181
5251,ARUNACHAL PRADESH,West Kameng,Nafra ,Saidle,27.351591,92.49984
5252,ARUNACHAL PRADESH,West Kameng,Thembang ,Panchavati,27.356136,92.381668
5253,ARUNACHAL PRADESH,West Kameng,Thembang ,Namsu,27.356585,92.339783
5254,ARUNACHAL PRADESH,West Kameng,Dirang ,Sappercamp Vill.,27.357006,92.185684
5255,ARUNACHAL PRADESH,West Kameng,Dirang ,Lubrang,27.357157,92.204773
5256,ARUNACHAL PRADESH,West Kameng,Dirang ,Dirang ,27.3584422,92.240888
5258,ARUNACHAL PRADESH,West Kameng,Nafra ,Sanchipam,27.359323,92.595879
5259,ARUNACHAL PRADESH,West Kameng,Thrizino ,Husago,27.362112,92.759018
5260,ARUNACHAL PRADESH,West Kameng,Dirang ,Lungrom,27.366711,92.154907
5261,ARUNACHAL PRADESH,West Kameng,Dirang ,Khawshing Village,27.368534,92.349914
5262,ARUNACHAL PRADESH,West Kameng,Nafra ,Rurang,27.36861,92.501152
5263,ARUNACHAL PRADESH,West Kameng,Thembang ,Gonthung,27.36865,92.426941
5264,ARUNACHAL PRADESH,West Kameng,Dirang ,Lish Village,27.3689,92.248222
5265,ARUNACHAL PRADESH,West Kameng,Nafra ,Nafra H.Q.,27.369816,92.560623
5266,ARUNACHAL PRADESH,West Kameng,Dirang ,Lish Gompache Vill.,27.370907,92.23642
5267,ARUNACHAL PRADESH,West Kameng,Nafra ,Nafra ,27.3723244,92.5457954
5268,ARUNACHAL PRADESH,West Kameng,Nafra ,Longtin,27.373478,92.576874
5269,ARUNACHAL PRADESH,West Kameng,Nafra ,Upper Dzang,27.377079,92.565575
5270,ARUNACHAL PRADESH,West Kameng,Thembang ,Pangma,27.3799577,92.3829048
5271,ARUNACHAL PRADESH,West Kameng,Dirang ,Rama Camp,27.38007,92.200821
5272,ARUNACHAL PRADESH,West Kameng,Dirang ,Khalibok,27.380539,92.32296
5273,ARUNACHAL PRADESH,West Kameng,Thembang ,Chandar,27.3846237,92.3455863
5274,ARUNACHAL PRADESH,West Kameng,Thembang ,Semnak,27.3850077,92.3736625
5275,ARUNACHAL PRADESH,West Kameng,Nafra ,Lapusa,27.386492,92.649429
5276,ARUNACHAL PRADESH,West Kameng,Nafra ,Nijung,27.386522,92.638771
5277,ARUNACHAL PRADESH,West Kameng,Dirang ,Cher Village,27.390392,92.321495
5278,ARUNACHAL PRADESH,West Kameng,Nafra ,Ditchik,27.39143,92.510452
5279,ARUNACHAL PRADESH,West Kameng,Dirang ,Rungja Village,27.3920984,92.3786297
5280,ARUNACHAL PRADESH,West Kameng,Dirang ,Phudung Village,27.394157,92.353859
5281,ARUNACHAL PRADESH,West Kameng,Nafra ,Nachibon,27.395483,92.553276
5282,ARUNACHAL PRADESH,West Kameng,Dirang ,Lachang,27.397381,92.392067
5283,ARUNACHAL PRADESH,West Kameng,Dirang ,Bishum Village,27.400324,92.340599
5284,ARUNACHAL PRADESH,West Kameng,Nafra ,Challan,27.400761,92.7748639
5285,ARUNACHAL PRADESH,West Kameng,Dirang ,Dirme,27.402212,92.150909
5286,ARUNACHAL PRADESH,West Kameng,Nafra ,Nakhu,27.403158,92.560463
5287,ARUNACHAL PRADESH,West Kameng,Dirang ,Khendahrong Vill.,27.403828,92.328445
5288,ARUNACHAL PRADESH,West Kameng,Dirang ,Sangti,27.403841,92.304741
5289,ARUNACHAL PRADESH,West Kameng,Nafra ,Khazalang,27.405563,92.660591
5290,ARUNACHAL PRADESH,West Kameng,Dirang ,Khassow Village,27.406349,92.381332
5291,ARUNACHAL PRADESH,West Kameng,Dirang ,Melongkang Vill.,27.407459,92.1634289
5292,ARUNACHAL PRADESH,West Kameng,Dirang ,Rungjapan Village,27.414059,92.3625409
5293,ARUNACHAL PRADESH,West Kameng,Thembang ,Lagam,27.415071,92.40683
5294,ARUNACHAL PRADESH,West Kameng,Dirang ,Chug,27.417772,92.2343439
5295,ARUNACHAL PRADESH,West Kameng,Dirang ,Nyukmadung,27.418125,92.1321354
5296,ARUNACHAL PRADESH,West Kameng,Nafra ,Janaching,27.419048,92.7766879
5297,ARUNACHAL PRADESH,West Kameng,Dirang ,Samtu Village,27.423168,92.243027
5298,ARUNACHAL PRADESH,West Kameng,Dirang ,Dundri,27.426059,92.1171028
5299,ARUNACHAL PRADESH,West Kameng,Dirang ,Donglok,27.426489,92.247368
5300,ARUNACHAL PRADESH,West Kameng,Dirang ,Changpa Village,27.428913,92.2848659
5301,ARUNACHAL PRADESH,West Kameng,Nafra ,Mathow,27.429743,92.490357
5302,ARUNACHAL PRADESH,West Kameng,Dirang ,Laphiak Village,27.431156,92.265449
5303,ARUNACHAL PRADESH,West Kameng,Nafra ,Najang,27.431583,92.5662
5304,ARUNACHAL PRADESH,West Kameng,Nafra ,Chillang,27.432108,92.518814
5305,ARUNACHAL PRADESH,West Kameng,Nafra ,Dibbin,27.435947,92.535111
5306,ARUNACHAL PRADESH,West Kameng,Nafra ,Silimathung,27.443114,92.4799479
5307,ARUNACHAL PRADESH,West Kameng,Dirang ,Senge,27.4476659,92.1198635
5308,ARUNACHAL PRADESH,West Kameng,Nafra ,Bulu,27.448866,92.46682
5309,ARUNACHAL PRADESH,West Kameng,Nafra ,Dishing,27.465237,92.5297779
5310,ARUNACHAL PRADESH,West Kameng,Nafra ,Dillung,27.478529,92.534073
5311,ARUNACHAL PRADESH,West Kameng,Nafra ,Dibirick,27.480036,92.561356
5312,ARUNACHAL PRADESH,West Kameng,Nafra ,Wothung,27.482969,92.548576
5313,ARUNACHAL PRADESH,West Kameng,Nafra ,West Sachung,27.602756,92.754524
5315,ARUNACHAL PRADESH,West Siang,Gensi ,Gensi ,27.8411644,94.6329106
5317,ARUNACHAL PRADESH,West Siang,Likabali ,Likabali Check Post,27.9069906,94.7411348
5318,ARUNACHAL PRADESH,West Siang,Bagra ,Ngomdir,28.036501,94.815399
5320,ARUNACHAL PRADESH,West Siang,Basar ,Angu,28.041321,94.735207
5321,ARUNACHAL PRADESH,West Siang,Bagra ,Bagra Higi,28.060381,94.743492
5322,ARUNACHAL PRADESH,West Siang,Bagra ,Bagra Pigi Mango,28.064142,94.733345
5323,ARUNACHAL PRADESH,West Siang,Mechuka,Pak,28.0644156,95.3273928
5324,ARUNACHAL PRADESH,West Siang,Bagra ,Bagra ,28.067553,94.758995
5326,ARUNACHAL PRADESH,West Siang,Bagra ,Bagra Lipu,28.071459,94.732392
5327,ARUNACHAL PRADESH,West Siang,Aalo ,Pushi Nyorak,28.07724,94.681831
5328,ARUNACHAL PRADESH,West Siang,Bagra ,Nigmoi,28.080267,94.795288
5330,ARUNACHAL PRADESH,West Siang,Pidi,Pidi,28.091009,94.659706
5332,ARUNACHAL PRADESH,West Siang,Aalo ,Berom Rime,28.09383,94.673134
5333,ARUNACHAL PRADESH,West Siang,Aalo ,Tabasora,28.108845,94.649223
5334,ARUNACHAL PRADESH,West Siang,Aalo ,Pakam,28.123917,94.798729
5335,ARUNACHAL PRADESH,West Siang,Aalo ,Dasi,28.126286,94.654511
5337,ARUNACHAL PRADESH,West Siang,Aalo ,Darka,28.1304569,94.784321
5338,ARUNACHAL PRADESH,West Siang,Aalo ,Yoji - Yora,28.132206,94.798416
5339,ARUNACHAL PRADESH,West Siang,Aalo ,Kugi Pomse,28.13693,94.711701
5341,ARUNACHAL PRADESH,West Siang,Likabali ,Likabali H.Q.,28.1413878,94.7865754
5342,ARUNACHAL PRADESH,West Siang,Aalo ,Rigo,28.144394,94.757347
5343,ARUNACHAL PRADESH,West Siang,Aalo ,Panya,28.1469582,94.802671
5344,ARUNACHAL PRADESH,West Siang,Aalo ,Biru (including Reyi Camp),28.147254,94.7484518
5734,ARUNACHAL PRADESH,West Siang,Aalo ,Bogdo,28.151288,94.7873791
5735,ARUNACHAL PRADESH,West Siang,Aalo ,Ragyi,28.151583,94.758934
5736,ARUNACHAL PRADESH,West Siang,Aalo ,Dego,28.15163,94.822128
5737,ARUNACHAL PRADESH,West Siang,Aalo ,Kugi Pomte,28.154333,94.715523
5738,ARUNACHAL PRADESH,West Siang,Aalo ,Kamdi,28.154741,94.754837
5739,ARUNACHAL PRADESH,West Siang,Aalo ,Ranaghat,28.156321,94.76226
5740,ARUNACHAL PRADESH,West Siang,Liromoba ,Biru,28.1574578,94.8370021
5742,ARUNACHAL PRADESH,West Siang,Monigong ,Gahglong,28.1627836,94.8054142
5743,ARUNACHAL PRADESH,West Siang,Aalo ,Wak,28.165762,94.6969529
5744,ARUNACHAL PRADESH,West Siang,Aalo ,Pobdi,28.165825,94.72242
5745,ARUNACHAL PRADESH,West Siang,Aalo ,Logum Jini,28.17042,94.830917
5746,ARUNACHAL PRADESH,West Siang,Aalo ,Bene,28.171043,94.708527
5747,ARUNACHAL PRADESH,West Siang,Jomlo Mobuk ,Pessing,28.1723565,94.7891506
5748,ARUNACHAL PRADESH,West Siang,Aalo ,Eyi,28.173902,94.843613
5749,ARUNACHAL PRADESH,West Siang,Aalo ,Paya,28.176552,94.728226
5750,ARUNACHAL PRADESH,West Siang,Jomlo Mobuk ,Pangkeng,28.1826897,94.7711629
5751,ARUNACHAL PRADESH,West Siang,Aalo ,Kabu,28.1888948,94.7678642
5752,ARUNACHAL PRADESH,West Siang,Jomlo Mobuk ,Jomlo Mongku,28.189142,94.808907
5753,ARUNACHAL PRADESH,West Siang,Jomlo Mobuk ,Jomlo Bari,28.192442,94.801361
5755,ARUNACHAL PRADESH,West Siang,Jomlo Mobuk ,Jomlo Mobuk ,28.197407,94.795212
5756,ARUNACHAL PRADESH,West Siang,Kamba,Nomuk,28.210621,94.656937
5757,ARUNACHAL PRADESH,West Siang,Jomlo Mobuk ,Sipeng,28.211769,94.740074
5758,ARUNACHAL PRADESH,West Siang,Jomlo Mobuk ,Model,28.21298,94.878441
5759,ARUNACHAL PRADESH,West Siang,Jomlo Mobuk ,Beging,28.213545,94.868713
5760,ARUNACHAL PRADESH,West Siang,Jomlo Mobuk ,Gebo,28.215942,94.80333
5761,ARUNACHAL PRADESH,West Siang,Jomlo Mobuk ,Ralung,28.216251,94.88665
5763,ARUNACHAL PRADESH,West Siang,Jomlo Mobuk ,Damda Debuk,28.2192,94.9007869
5764,ARUNACHAL PRADESH,West Siang,Jomlo Mobuk ,Mori,28.223156,94.806351
5765,ARUNACHAL PRADESH,West Siang,Jomlo Mobuk ,Damda Deku,28.22455,94.907394
5766,ARUNACHAL PRADESH,West Siang,Likabali ,Silli,28.231348,95.132164
5767,ARUNACHAL PRADESH,West Siang,Kamba,Kamba H.Q.,28.235834,94.6623
5768,ARUNACHAL PRADESH,West Siang,Pidi,Karo,28.2397845,95.0186559
5769,ARUNACHAL PRADESH,West Siang,Kamba,Kamba,28.24288,94.69117
5770,ARUNACHAL PRADESH,West Siang,Kamba,Karga,28.247242,94.651596
5771,ARUNACHAL PRADESH,West Siang,Tato ,V.B. Camp,28.251587,95.13633
5772,ARUNACHAL PRADESH,West Siang,Rumgong,Rumgong H.Q.,28.254023,94.862373
5773,ARUNACHAL PRADESH,West Siang,Kamba,Kamki,28.2549,94.658798
5774,ARUNACHAL PRADESH,West Siang,Kaying ,Kaying ,28.2604356,94.6812086
5777,ARUNACHAL PRADESH,West Siang,Rumgong,Jomo,28.262428,94.830063
5778,ARUNACHAL PRADESH,West Siang,Kamba,Ravi,28.262559,94.656414
5779,ARUNACHAL PRADESH,West Siang,Rumgong,Mopung,28.291256,94.831375
5780,ARUNACHAL PRADESH,West Siang,Rumgong,Rumgong,28.3109465,94.8871505
5782,ARUNACHAL PRADESH,West Siang,Rumgong,Molom,28.3157756,94.8021092
5783,ARUNACHAL PRADESH,West Siang,Rumgong,Yogong,28.335367,94.848373
5784,ARUNACHAL PRADESH,West Siang,West Siang,West Siang,28.4119208,95.0130453
5785,ARUNACHAL PRADESH,West Siang,Payum ,Mega,28.465418,94.660523
5786,ARUNACHAL PRADESH,West Siang,Payum ,Bogu,28.501354,94.647949
5788,ARUNACHAL PRADESH,West Siang,Payum ,Payum ,28.550894,94.646736
5790,ARUNACHAL PRADESH,West Siang,Payum ,Gasheng,28.612553,94.636543
5791,ARUNACHAL PRADESH,West Siang,Payum ,Gate,28.619183,94.603981
5792,ARUNACHAL PRADESH,West Siang,Monigong ,Jereling,28.7723677,94.3513749
5793,ARUNACHAL PRADESH,West Siang,Monigong ,Simuging,28.814592,95.128159
5794,ARUNACHAL PRADESH,West Siang,Monigong ,Sukudom,28.851843,94.350273
5795,ARUNACHAL PRADESH,West Siang,Basar ,Basar ,28.9943325,94.8976922
